r_title,r_post_song,r_post_artist,r_media_song,r_media_artist,sp_song,sp_artist,r_genres,sp_genres,r_media_title,r_post_date,r_upvote_ratio,r_score,bc_embed_link,link_source,sc_embed_link,sc_link,sp_link,yt_link,yt_video_id,id,danceability,energy,key,loudness,mode,speechiness,acousticness,instrumentalness,liveness,valence,tempo,type,uri,track_href,analysis_url,duration_ms,time_signature,sp_artwork_640px,sp_release_date,sp_release_year,sp_explicit,sp_popularity,sp_audio_preview,sp_artist_popularity,sp_follower_count
Bloodhound Gang - The Bad Touch [Alterative/Indie] - One of those old songs that hit different when you get old enough to understand the lyrics,The Bad Touch,Bloodhound Gang,The Bad Touch,Bloodhound Gang,The Bad Touch,Bloodhound Gang,"alterative, indie","'alternative metal', 'comic', 'funk metal', 'funk rock', 'nu metal', 'punk', 'rap rock'",Bloodhound Gang - The Bad Touch (Official Video),2022-10-30,97.0,6047.0,,youtube,,,,https://www.youtube.com/watch?v=xat1GVnl8-k,xat1GVnl8-k,5EYdTPdJD74r9EVZBztqGG,73.5,-625.4,C,-6.254,0.0,83.1,3.84,0.4,2.05,12.3,122,audio_features,spotify:track:5EYdTPdJD74r9EVZBztqGG,https://api.spotify.com/v1/tracks/5EYdTPdJD74r9EVZBztqGG,https://api.spotify.com/v1/audio-analysis/5EYdTPdJD74r9EVZBztqGG,04:20,4.0,https://i.scdn.co/image/ab67616d0000b273d6d86be2779b5b6b4980feb9,1999-10-04,1999.0,True,70.0,,61,825860
The Used - The Taste Of Ink [Emo],The Taste Of Ink,The Used,The Taste Of Ink,The Used,The Taste of Ink,The Used,emo,"'post-hardcore', 'screamo'",The Used - The Taste Of Ink Lyrics (HD),2022-10-29,54.1,648.0,,youtube,,,,https://www.youtube.com/watch?v=2_J2HmI48N4,2_J2HmI48N4,5jZ1Z2GFTf2gwmFc3qiUxs,90.4,-300.1,G,-3.001,1.0,54.1,4.35,0.14,0.0,19.3,98,audio_features,spotify:track:5jZ1Z2GFTf2gwmFc3qiUxs,https://api.spotify.com/v1/tracks/5jZ1Z2GFTf2gwmFc3qiUxs,https://api.spotify.com/v1/audio-analysis/5jZ1Z2GFTf2gwmFc3qiUxs,03:28,4.0,https://i.scdn.co/image/ab67616d0000b273e0827a6cec3f1574249ec8c0,2002-06-25,2002.0,True,67.0,https://p.scdn.co/mp3-preview/0c53486da3edc2324b7627be685ded563f20bcde?cid=484c8fc1e0c54669ac770f80991a8280,62,1035160
Tracy Chapman - Fast Car [Folk],Fast Car,Tracy Chapman,Fast Car - 12/4/1988 - Oakland Coliseum Arena,Tracy Chapman,Fast Car,Tracy Chapman,folk,"'folk', 'lilith', 'singer-songwriter', ""women's music""",Tracy Chapman - Fast Car - 12/4/1988 - Oakland Coliseum Arena (Official),2022-10-29,19.4,628.0,,youtube,,,,https://www.youtube.com/watch?v=IxXO2ybSvfg,IxXO2ybSvfg,2M9ro2krNb7nr7HSprkEgo,29.2,-1552.3,E,-15.523,0.0,71.1,3.7,31.3,0.0,13.1,103,audio_features,spotify:track:2M9ro2krNb7nr7HSprkEgo,https://api.spotify.com/v1/tracks/2M9ro2krNb7nr7HSprkEgo,https://api.spotify.com/v1/audio-analysis/2M9ro2krNb7nr7HSprkEgo,04:56,4.0,https://i.scdn.co/image/ab67616d0000b2737602becfedf6e25752cb54ff,1988-04-05,1988.0,False,77.0,https://p.scdn.co/mp3-preview/3e8e1a7797f26e8022171e6348344262014e16cf?cid=484c8fc1e0c54669ac770f80991a8280,68,1364876
Ratatat - Cherry [Electronic],Cherry,Ratatat,,,Cherry,Ratatat,electronic,"'alternative dance', 'indietronica', 'new rave'",Cherry,2022-10-29,4.92,431.0,,youtube,,,,https://www.youtube.com/watch?v=GNO7jTa--io,GNO7jTa--io,6zgCycfVETCfk2TNY7Othq,34.8,-1124.9,F,-11.249,1.0,52.9,3.15,59.6,91.8,13.6,125,audio_features,spotify:track:6zgCycfVETCfk2TNY7Othq,https://api.spotify.com/v1/tracks/6zgCycfVETCfk2TNY7Othq,https://api.spotify.com/v1/audio-analysis/6zgCycfVETCfk2TNY7Othq,05:38,4.0,https://i.scdn.co/image/ab67616d0000b2733654a914bf3689f6bc7ea123,2004-04-19,2004.0,False,41.0,https://p.scdn.co/mp3-preview/c55c289c5628c6615e33a0450fab7057f2f4cdb6?cid=484c8fc1e0c54669ac770f80991a8280,67,577439
Audioslave - Show Me How To Live [alt rock],Show Me How To,Audioslave,Show Me How to Live,Audioslave,Show Me How to Live,Audioslave,alt rock,"'alternative metal', 'alternative rock', 'nu metal', 'permanent wave', 'post-grunge', 'rock', 'supergroup'","Audioslave - ""Show Me How to Live"" - Final Performance Live at the Anti-Inaugural Ball 1/22/17",2022-10-29,36.8,360.0,,youtube,,,,https://www.youtube.com/watch?v=WyHAzfqkV5M,WyHAzfqkV5M,1Qdnvn4XlmZANCVy3XjrQo,85.4,-386.8,A,-3.868,1.0,43.3,4.83,0.03,0.02,16.2,89,audio_features,spotify:track:1Qdnvn4XlmZANCVy3XjrQo,https://api.spotify.com/v1/tracks/1Qdnvn4XlmZANCVy3XjrQo,https://api.spotify.com/v1/audio-analysis/1Qdnvn4XlmZANCVy3XjrQo,04:37,4.0,https://i.scdn.co/image/ab67616d0000b273a7292b6863258e889b78d787,2002-11-17,2002.0,False,70.0,https://p.scdn.co/mp3-preview/981c598cce48ce205f3dedecf3be226bde547f2a?cid=484c8fc1e0c54669ac770f80991a8280,67,3907238
CKY - Disengage the Simulator [punk],Disengage the Simulator,CKY,,,Disengage the Simulator,CKY,punk,"'alternative metal', 'industrial metal', 'nu metal', 'rap rock'",Disengage the Simulator,2022-10-29,55.8,309.0,,youtube,,,,https://www.youtube.com/watch?v=U7hO3zMYKfY,U7hO3zMYKfY,28QFCUPIySUkuGHE7C5rlw,84.6,-888.3,E,-8.883,1.0,32.4,5.96,0.02,0.01,9.3,151,audio_features,spotify:track:28QFCUPIySUkuGHE7C5rlw,https://api.spotify.com/v1/tracks/28QFCUPIySUkuGHE7C5rlw,https://api.spotify.com/v1/audio-analysis/28QFCUPIySUkuGHE7C5rlw,03:03,4.0,https://i.scdn.co/image/ab67616d0000b2730f53a197220e069351f208ce,1999-01-01,1999.0,False,45.0,https://p.scdn.co/mp3-preview/0ac3f6535ab3bfb32399045b42b27d0d0c4b38e2?cid=484c8fc1e0c54669ac770f80991a8280,50,214135
"Dave Dee, Dozy, Beaky, Mick & Tich -- She's So Good [Rock/Mod] (1966)",Shes So Good,"Dave Dee, Dozy, Beaky, Mick & Tich",She`s So Good,"Dave Dee,Dozy,Beaky,Mick & Titch",Hold Tight!,"Dave Dee, Dozy, Beaky, Mick & Tich","rock, mod","'british invasion', 'bubblegum pop', 'classic uk pop', 'merseybeat', 'nederpop', 'rock-and-roll'","Dave Dee,Dozy,Beaky,Mick & Titch -She`s So Good",2022-10-30,77.3,288.0,,youtube,,,,https://www.youtube.com/watch?v=HBpeVevpefg,HBpeVevpefg,4yv0ZpeKujOZW0UUYj2SZv,80.5,-485.8,E,-4.858,1.0,59.5,3.11,5.55,0.0,9.92,124,audio_features,spotify:track:4yv0ZpeKujOZW0UUYj2SZv,https://api.spotify.com/v1/tracks/4yv0ZpeKujOZW0UUYj2SZv,https://api.spotify.com/v1/audio-analysis/4yv0ZpeKujOZW0UUYj2SZv,02:46,4.0,https://i.scdn.co/image/ab67616d0000b273335b3eb132272802d73b766c,2007-01-01,2007.0,False,21.0,,37,19945
Amber Arcades - Just Like Me [indie pop] (2022),Just Like Me,Amber Arcades,,,Just Like Me,Amber Arcades,indie pop,"'chamber psych', 'dutch indie', 'dutch indie rock'",Just Like Me,2022-10-26,31.7,276.0,,youtube,,,,https://www.youtube.com/watch?v=jV-K2GBeyXM,jV-K2GBeyXM,6wFq01ZyreydHfP8OWGNbs,57.3,-896.6,Db/C#,-8.966,1.0,46.4,3.8,18.3,0.48,4.22,149,audio_features,spotify:track:6wFq01ZyreydHfP8OWGNbs,https://api.spotify.com/v1/tracks/6wFq01ZyreydHfP8OWGNbs,https://api.spotify.com/v1/audio-analysis/6wFq01ZyreydHfP8OWGNbs,03:52,4.0,https://i.scdn.co/image/ab67616d0000b273b137c36a00be704e5e00bb8a,2022-10-25,2022.0,False,27.0,https://p.scdn.co/mp3-preview/855a9988807bf80b7884d9eeec73fdd1809dc43b?cid=484c8fc1e0c54669ac770f80991a8280,23,11694
"The Verve - Lucky Man [Britpop, 1997]",Lucky Man,The Verve,Lucky Man,The Verve,Lucky Man,The Verve,"britpop, 1997","'alternative rock', 'britpop', 'neo mellow', 'permanent wave', 'pop rock', 'rock', 'shoegaze'",The Verve - Lucky Man (Official Music Video),2022-10-31,21.1,212.0,,youtube,,,,https://www.youtube.com/watch?v=MH6TJU0qWoY,MH6TJU0qWoY,2mxPSHEwjJWOQS7lGw6btF,66.3,-759.1,Db/C#,-7.591,1.0,40.7,3.05,25.5,0.02,9.13,75,audio_features,spotify:track:2mxPSHEwjJWOQS7lGw6btF,https://api.spotify.com/v1/tracks/2mxPSHEwjJWOQS7lGw6btF,https://api.spotify.com/v1/audio-analysis/2mxPSHEwjJWOQS7lGw6btF,04:53,4.0,https://i.scdn.co/image/ab67616d0000b273c038b03e66fb6de76a5b3904,1997-09-29,1997.0,False,66.0,,65,1974565
Makaha Sons -- Sailors of Fortune [Hawaiian](1992),Sailors of Fortune,Makaha Sons,The Makaha Sons of Ni'ihau - Live 1992 - マカハサンズ,Sailors of Fortune,Kaho'olawe,Makaha Sons of Ni'ihau,hawaiian,'hawaiian',Sailors of Fortune - The Makaha Sons of Ni'ihau - Live 1992 - マカハサンズ,2022-10-28,56.0,188.0,,youtube,,,,https://www.youtube.com/watch?v=L0PwyTGGSt8,L0PwyTGGSt8,54ZHWmd2mmBnBq4Uxiones,47.8,-1158.9,Db/C#,-11.589,1.0,42.7,3.11,72.0,0.0,8.98,77,audio_features,spotify:track:54ZHWmd2mmBnBq4Uxiones,https://api.spotify.com/v1/tracks/54ZHWmd2mmBnBq4Uxiones,https://api.spotify.com/v1/audio-analysis/54ZHWmd2mmBnBq4Uxiones,02:19,4.0,https://i.scdn.co/image/ab67616d0000b27337a6a51651c95c253c94ebcc,2008-12-03,2008.0,False,33.0,https://p.scdn.co/mp3-preview/b9a9f1ad22d8690c266e0c613b153b21791d389d?cid=484c8fc1e0c54669ac770f80991a8280,28,12298
Superfamily - Taxi Dancing [indie pop] (2006),Taxi Dancing,Superfamily,Taxi Dancing,Superfamily,Taxi Dancing,Superfamily,indie pop,"'norwegian indie', 'norwegian rock'",Superfamily - Taxi Dancing,2022-10-27,57.1,161.0,,youtube,,,,https://www.youtube.com/watch?v=ZLbeWKVDeW8,ZLbeWKVDeW8,6SbH9alqbLLrffFOZmRgD0,79.4,-560.1,G,-5.601,1.0,59.3,3.5,3.25,0.0,27.4,119,audio_features,spotify:track:6SbH9alqbLLrffFOZmRgD0,https://api.spotify.com/v1/tracks/6SbH9alqbLLrffFOZmRgD0,https://api.spotify.com/v1/audio-analysis/6SbH9alqbLLrffFOZmRgD0,03:13,4.0,https://i.scdn.co/image/ab67616d0000b273706ef87a10b5e25803607151,2005-09-20,2005.0,False,16.0,https://p.scdn.co/mp3-preview/acd6ba4bc952ec5edc4176fd77543a7abdce2b28?cid=484c8fc1e0c54669ac770f80991a8280,19,3002
SSQ - Tonight (We'll Make Love Until We Die) [New Wave] (1985),Tonight,SSQ,Tonight,SSQ,Tonight (We'll Make Love Until We Die),SSQ,new wave,,SSQ - Tonight (We'll Make Love Until We Die),2022-10-26,83.7,94.0,,youtube,,,,https://www.youtube.com/watch?v=6MbZT5e7A64,6MbZT5e7A64,2T413OljxQYRmbELmg7H5p,70.2,-571.6,C,-5.716,1.0,73.9,5.48,1.01,1.01,11.3,117,audio_features,spotify:track:2T413OljxQYRmbELmg7H5p,https://api.spotify.com/v1/tracks/2T413OljxQYRmbELmg7H5p,https://api.spotify.com/v1/audio-analysis/2T413OljxQYRmbELmg7H5p,03:15,4.0,https://i.scdn.co/image/ab67616d0000b27377b594e6107bf02a52b00fa9,2014-07-10,2014.0,False,31.0,https://p.scdn.co/mp3-preview/30da7a8181f3f2ea870dff229c2ff2d3af2bbf6a?cid=484c8fc1e0c54669ac770f80991a8280,18,2181
Fin del Mundo -- Live from Kirchner Cultural Center (c/op KEXP) [alt/indie/post-rock] (2022),Live from Kirchner Cultural Center,Fin del Mundo,Full Performance,Fin del Mundo,Fin del Mundo,Mora,"alt, indie, post-rock",'trap latino',Fin del Mundo - Full Performance (Live on KEXP),2022-10-26,65.7,82.0,,youtube,,,,https://www.youtube.com/watch?v=EpXIt_7uso8,EpXIt_7uso8,2CN6tw3g5nToSBcfZn5xBr,55.0,-654.4,E,-6.544,0.0,81.8,13.6,75.6,0.0,10.0,96,audio_features,spotify:track:2CN6tw3g5nToSBcfZn5xBr,https://api.spotify.com/v1/tracks/2CN6tw3g5nToSBcfZn5xBr,https://api.spotify.com/v1/audio-analysis/2CN6tw3g5nToSBcfZn5xBr,03:40,4.0,https://i.scdn.co/image/ab67616d0000b273dcec31b44548687b2a81d0c2,2021-02-05,2021.0,True,58.0,https://p.scdn.co/mp3-preview/6bdec1879ae683386590ab20a53a1f1de8badd06?cid=484c8fc1e0c54669ac770f80991a8280,82,883129
Wooden Wand - Sundrum Ladies [indie folk] (2004),Sundrum Ladies,Wooden Wand,Sundrum Ladies,Wooden Wand,Sundrum Ladies,Wooden Wand,indie folk,'new weird america',Wooden Wand - Sundrum Ladies (from Harem Of The Sundrum & The Witness Figg),2022-10-26,20.3,78.0,,youtube,,,,https://www.youtube.com/watch?v=6U46JATzmpk,6U46JATzmpk,0KXL9P3AUHGHRXrRcA1Ni5,37.1,-747.7,Db/C#,-7.477,0.0,52.0,3.45,53.9,0.13,7.39,117,audio_features,spotify:track:0KXL9P3AUHGHRXrRcA1Ni5,https://api.spotify.com/v1/tracks/0KXL9P3AUHGHRXrRcA1Ni5,https://api.spotify.com/v1/audio-analysis/0KXL9P3AUHGHRXrRcA1Ni5,03:27,4.0,https://i.scdn.co/image/ab67616d0000b273da8bd8d16ecd00137c490591,2006-01-01,2006.0,False,3.0,https://p.scdn.co/mp3-preview/188c6a9ce78d38e3807db1002b864d9b8ca4f77f?cid=484c8fc1e0c54669ac770f80991a8280,8,3868
John Carpenter - Halloween Theme [Electronic] - Happy Halloween everybody!,Halloween Theme,John Carpenter,Halloween 1978,John Carpenter,Halloween Theme - Main Title,John Carpenter,electronic,"'horror synth', 'soundtrack'",John Carpenter - Halloween 1978  (main Theme),2022-10-31,29.6,73.0,,youtube,,,,https://www.youtube.com/watch?v=pT4FY3NrhGg,pT4FY3NrhGg,7swocJUCUWTCiRUAU9oerC,46.6,-1553.4,E,-15.534,1.0,63.6,3.17,13.4,94.2,15.6,136,audio_features,spotify:track:7swocJUCUWTCiRUAU9oerC,https://api.spotify.com/v1/tracks/7swocJUCUWTCiRUAU9oerC,https://api.spotify.com/v1/audio-analysis/7swocJUCUWTCiRUAU9oerC,02:55,4.0,https://i.scdn.co/image/ab67616d0000b273fa935f7c028206c47706775a,2010-09-17,2010.0,False,63.0,https://p.scdn.co/mp3-preview/12d518567ed2e6eba7444a7b2faf24c7552017bb?cid=484c8fc1e0c54669ac770f80991a8280,57,111815
The Midnight - Comet [synthwave/futuresynth/electronic/chillwave],Comet,The Midnight,Comet,The Midnight,Comet (Bonus Track),The Midnight,"synthwave, futuresynth, electronic, chillwave","'nightrun', 'popwave'",The Midnight - Comet,2022-10-30,13.4,72.0,,youtube,,,,https://www.youtube.com/watch?v=5glqYsL5elo,5glqYsL5elo,4HHOLKcCb52sm5FCJWGU6u,34.5,-1298.4,F,-12.984,1.0,65.5,2.97,0.79,0.0,9.64,128,audio_features,spotify:track:4HHOLKcCb52sm5FCJWGU6u,https://api.spotify.com/v1/tracks/4HHOLKcCb52sm5FCJWGU6u,https://api.spotify.com/v1/audio-analysis/4HHOLKcCb52sm5FCJWGU6u,05:17,4.0,https://i.scdn.co/image/ab67616d0000b273754d3d1e18d6deedd3f5dc3b,2021-06-25,2021.0,False,41.0,https://p.scdn.co/mp3-preview/023c835a0f06a9e3f109617beb41f15208f52d53?cid=484c8fc1e0c54669ac770f80991a8280,60,378878
Radost Moja -- Unyvaj dusa moja [Electronic/Witch House] (2014),Unyvaj dusa moja,Radost Moja,Unyvaj dusa moja,Radost Moja,Dunjo Moja,Halid Muslimovic,"electronic, witch house","'bosnian pop', 'narodna muzika', 'sevdah', 'turbo folk'",Radost Moja - Unyvaj dusa moja (REMASTERED VIDEO),2022-10-30,46.6,72.0,,youtube,,,,https://www.youtube.com/watch?v=Wms2ZVoK0Sw,Wms2ZVoK0Sw,7hEelk1dtOIUAimbiJXAbD,60.9,-547.5,G,-5.475,0.0,32.3,5.32,45.1,0.0,24.3,163,audio_features,spotify:track:7hEelk1dtOIUAimbiJXAbD,https://api.spotify.com/v1/tracks/7hEelk1dtOIUAimbiJXAbD,https://api.spotify.com/v1/audio-analysis/7hEelk1dtOIUAimbiJXAbD,03:40,4.0,https://i.scdn.co/image/ab67616d0000b2736baa6505b26e1c265f451f44,2018-02-05,2018.0,False,41.0,https://p.scdn.co/mp3-preview/4514f9e5e91cf2e0abd07f0c21cca725adff5c10?cid=484c8fc1e0c54669ac770f80991a8280,41,38035
Envy - Seimei [Japanese post screamo] (2022),Seimei,Envy,Seimei,envy,Seimei,envy,japanese post screamo,'pop rap',envy - Seimei,2022-10-28,15.7,63.0,,youtube,,,,https://www.youtube.com/watch?v=EOKV_eQxHu0,EOKV_eQxHu0,4mPsXOFIDiZYZfgHW2zXQQ,84.2,-391.0,B/Cb,-3.91,0.0,31.7,6.04,0.0,0.12,15.4,129,audio_features,spotify:track:4mPsXOFIDiZYZfgHW2zXQQ,https://api.spotify.com/v1/tracks/4mPsXOFIDiZYZfgHW2zXQQ,https://api.spotify.com/v1/audio-analysis/4mPsXOFIDiZYZfgHW2zXQQ,05:46,3.0,https://i.scdn.co/image/ab67616d0000b27387918dd4dca7e99a0ed886e6,2022-10-12,2022.0,False,23.0,https://p.scdn.co/mp3-preview/4ed22c8e0df7b965239f64a453bd617e437bb8ae?cid=484c8fc1e0c54669ac770f80991a8280,62,501126
Fighter Jets — Not Being Dead Is Pretty Sweet [Pop/Electronic] (2022),Not Being Dead Is Pretty Sweet,Fighter Jets,,,Not Being Dead Is Pretty Sweet,Fighter Jets,"pop, electronic",,Not Being Dead Is Pretty Sweet,2022-10-28,34.1,61.0,,spotify,,,,,,2WxQy0YIK4HrfDb79qNha9,59.9,-673.0,D,-6.73,1.0,74.9,8.07,0.58,66.5,11.6,120,audio_features,spotify:track:2WxQy0YIK4HrfDb79qNha9,https://api.spotify.com/v1/tracks/2WxQy0YIK4HrfDb79qNha9,https://api.spotify.com/v1/audio-analysis/2WxQy0YIK4HrfDb79qNha9,02:44,4.0,https://i.scdn.co/image/ab67616d0000b273dacda61b556f7e8cb9031394,2022-10-28,2022.0,False,2.0,https://p.scdn.co/mp3-preview/88a5f42df2f3e3a3cc7d53b8475ea7aa2d2ae83b?cid=484c8fc1e0c54669ac770f80991a8280,1,164
The Red Clay Strays -- Sunshine [Southern Rock] (2022),Sunshine,The Red Clay Strays,Sunshine,The Red Clay Strays,Sunshine,The Red Clay Strays,southern rock,'roots americana',"The Red Clay Strays | ""Sunshine"" | Western AF",2022-10-26,15.2,61.0,,youtube,,,,https://www.youtube.com/watch?v=1O31IIprXWM,1O31IIprXWM,6NqHho25rVpV4be2m5q2wC,19.6,-1384.7,G,-13.847,1.0,75.2,3.35,71.2,0.02,9.77,127,audio_features,spotify:track:6NqHho25rVpV4be2m5q2wC,https://api.spotify.com/v1/tracks/6NqHho25rVpV4be2m5q2wC,https://api.spotify.com/v1/audio-analysis/6NqHho25rVpV4be2m5q2wC,05:10,4.0,https://i.scdn.co/image/ab67616d0000b273839565fb4326c8d9bf8dcaa7,2022-04-29,2022.0,False,29.0,https://p.scdn.co/mp3-preview/7757927d5fdcfcddb826a08f2d2c68fdbca79d56?cid=484c8fc1e0c54669ac770f80991a8280,33,5662
Tomoyo Harada - Silence Blue (サイレンス・ブル) [Japanese Pop] (1990),Silence Blue,Tomoyo Harada,Silence Blue,Tomoyo Harada,Silence Blue,Tomoyo Harada,japanese pop,,Tomoyo Harada  - Silence Blue (サイレンス・ブル),2022-10-30,32.8,45.0,,youtube,,,,https://www.youtube.com/watch?v=DXlnNg3cni0,DXlnNg3cni0,1Zk6y0OA33UXCnCNGqf4Xh,68.2,-749.4,G,-7.494,1.0,55.9,3.08,50.2,0.14,8.79,94,audio_features,spotify:track:1Zk6y0OA33UXCnCNGqf4Xh,https://api.spotify.com/v1/tracks/1Zk6y0OA33UXCnCNGqf4Xh,https://api.spotify.com/v1/audio-analysis/1Zk6y0OA33UXCnCNGqf4Xh,05:32,4.0,https://i.scdn.co/image/ab67616d0000b27371a8e129f0beb2f97db9204d,2011-05-25,2011.0,False,4.0,https://p.scdn.co/mp3-preview/dc1f1b2880916750ee9d90b1011a5c87255013d8?cid=484c8fc1e0c54669ac770f80991a8280,39,63570
Jim Jones and the Kool-Aid Jammers - They're Coming to Get You Barbara [Punk] (2018),Theyre Coming to Get You Barbara,Jim Jones and the Kool-Aid Jammers,They're Coming for You Barbara,Jim Jones and the Kool-Aid Jammers,They're Coming for You Barbara,Jim Jones & the Kool-Aid Jammers,punk,,"Jim Jones and the Kool-Aid Jammers -  ""They're Coming for You Barbara""",2022-10-29,85.1,44.0,,youtube,,,,https://www.youtube.com/watch?v=JcXlhJDZCGU,JcXlhJDZCGU,7jpVFQwRFgvkX5T2B3ReM4,96.2,-414.7,A,-4.147,1.0,52.5,6.27,0.0,0.0,28.2,117,audio_features,spotify:track:7jpVFQwRFgvkX5T2B3ReM4,https://api.spotify.com/v1/tracks/7jpVFQwRFgvkX5T2B3ReM4,https://api.spotify.com/v1/audio-analysis/7jpVFQwRFgvkX5T2B3ReM4,02:27,4.0,https://i.scdn.co/image/ab67616d0000b27374d618e7bb66bd793351cd9b,2018-03-04,2018.0,False,2.0,https://p.scdn.co/mp3-preview/e138b1477a7aea8d97a33277a275652778efc324?cid=484c8fc1e0c54669ac770f80991a8280,1,173
Hojean - Hold Me [pop/indie pop/r&b/k-r&b] (2022),Hold Me,Hojean,Hold Me,Hojean,Hold Me,Hojean,"pop, indie pop, r&b, k-r&b",'chill r&b',Hojean - Hold Me (OFFICIAL MV),2022-10-27,79.5,43.0,,youtube,,,,https://www.youtube.com/watch?v=YmwFQ_IbFjY,YmwFQ_IbFjY,6IwZZImA6kzAcLo0fobeFO,20.2,-2071.9,Ab,-20.719,1.0,73.7,3.6,41.8,4.58,9.79,83,audio_features,spotify:track:6IwZZImA6kzAcLo0fobeFO,https://api.spotify.com/v1/tracks/6IwZZImA6kzAcLo0fobeFO,https://api.spotify.com/v1/audio-analysis/6IwZZImA6kzAcLo0fobeFO,02:43,4.0,https://i.scdn.co/image/ab67616d0000b273b036ce2676dbad20ed941f5e,2022-10-27,2022.0,False,43.0,https://p.scdn.co/mp3-preview/16afe752bfd5b2e71e632b129c0ea3c0da7a0d32?cid=484c8fc1e0c54669ac770f80991a8280,53,134543
Aoife Nessa Frances -- Way To Say Goodbye [Indie Pop/Folk] (2022),Way To Say Goodbye,Aoife Nessa Frances,Way To Say Goodbye,Aoife Nessa Frances,Way to Say Goodbye,Aoife Nessa Frances,"indie pop, folk",'irish singer-songwriter',Aoife Nessa Frances - Way To Say Goodbye (Official Video),2022-10-26,19.5,40.0,,youtube,,,,https://www.youtube.com/watch?v=d9Dx5fdb85w,d9Dx5fdb85w,3F5iia3m7hrMd3NLSzK73A,48.8,-789.1,D,-7.891,1.0,44.6,2.48,3.63,39.4,15.1,135,audio_features,spotify:track:3F5iia3m7hrMd3NLSzK73A,https://api.spotify.com/v1/tracks/3F5iia3m7hrMd3NLSzK73A,https://api.spotify.com/v1/audio-analysis/3F5iia3m7hrMd3NLSzK73A,04:42,4.0,https://i.scdn.co/image/ab67616d0000b2733f8c1ca4fef689d83e957629,2022-10-28,2022.0,False,11.0,https://p.scdn.co/mp3-preview/2a87283afcb867ed2509c8029fa1718f29830b17?cid=484c8fc1e0c54669ac770f80991a8280,28,5446
Clouds Indoor - If You [postrock] (2022),If You,Clouds Indoor,If You,Clouds Indoor,If You,Clouds Indoor,postrock,,Clouds Indoor - If You,2022-10-28,14.2,39.0,,youtube,,,,https://www.youtube.com/watch?v=oYJjUc5mXDY,oYJjUc5mXDY,0q8hl2d3FRs5k7lDvMJHv1,64.8,-864.9,Db/C#,-8.649,0.0,51.8,2.85,0.01,72.4,12.0,126,audio_features,spotify:track:0q8hl2d3FRs5k7lDvMJHv1,https://api.spotify.com/v1/tracks/0q8hl2d3FRs5k7lDvMJHv1,https://api.spotify.com/v1/audio-analysis/0q8hl2d3FRs5k7lDvMJHv1,04:49,4.0,https://i.scdn.co/image/ab67616d0000b2736951aebeb310a34ddc1134b3,2022-10-28,2022.0,False,2.0,https://p.scdn.co/mp3-preview/8879991b4fc3fd1a40b79e55d5215db42ff9d5ab?cid=484c8fc1e0c54669ac770f80991a8280,0,3
The Trophies - Idle Threats [Toronto Garage Rock] (2021),Idle Threats,The Trophies,,,Idle Threats,The Trophies,toronto garage rock,,Idle Threats,2022-10-27,66.2,36.0,,youtube,,,,https://www.youtube.com/watch?v=ekj3OfWnsa4,ekj3OfWnsa4,7njzJFk6KA7ChJmozQG8CG,89.5,-341.3,A,-3.413,1.0,39.5,3.81,0.11,0.58,27.6,132,audio_features,spotify:track:7njzJFk6KA7ChJmozQG8CG,https://api.spotify.com/v1/tracks/7njzJFk6KA7ChJmozQG8CG,https://api.spotify.com/v1/audio-analysis/7njzJFk6KA7ChJmozQG8CG,02:24,4.0,https://i.scdn.co/image/ab67616d0000b2735b3e6ab489f8650e52bc4a1c,2022-03-09,2022.0,False,2.0,https://p.scdn.co/mp3-preview/7345907088d638a4d914e3d1409b56a28c826d35?cid=484c8fc1e0c54669ac770f80991a8280,0,62
Talk Talk - It's My Life [Rock],Its My Life,Talk Talk,Its My Life,Talk Talk,It's My Life - 1997 Remaster,Talk Talk,rock,"'art rock', 'melancholia', 'new romantic', 'new wave', 'new wave pop', 'sophisti-pop', 'synthpop'",Talk Talk - It's My Life (Official Video),2022-10-29,86.7,36.0,,youtube,,,,https://www.youtube.com/watch?v=cFH5JgyZK1I,cFH5JgyZK1I,4jhsuQCUCJKA5f0bXb6XdJ,80.2,-843.2,C,-8.432,1.0,62.7,3.48,19.7,78.4,40.4,126,audio_features,spotify:track:4jhsuQCUCJKA5f0bXb6XdJ,https://api.spotify.com/v1/tracks/4jhsuQCUCJKA5f0bXb6XdJ,https://api.spotify.com/v1/audio-analysis/4jhsuQCUCJKA5f0bXb6XdJ,03:52,4.0,https://i.scdn.co/image/ab67616d0000b273dd38867a51bf339a3c33497d,1984-01-01,1984.0,False,70.0,https://p.scdn.co/mp3-preview/ebead01923d3fd26bfe27cd815aafa3de519d534?cid=484c8fc1e0c54669ac770f80991a8280,57,446761
"Dwellings -- Pick Up Before You Go [Post-Hardcore, Swancore, Indie] (2019)",Pick Up Before You Go,Dwellings,Pick Up Before You Go,DWELLINGS,Pick Up Before You Go,Dwellings,"post-hardcore, swancore, indie","'progressive post-hardcore', 'swancore'",DWELLINGS - Pick Up Before You Go (Official Video),2022-10-28,63.5,35.0,,youtube,,,,https://www.youtube.com/watch?v=zRPGg-X1RBM,zRPGg-X1RBM,3fhcFTnVfJE818TlVi2295,84.9,-524.5,Ab,-5.245,1.0,60.9,4.57,4.82,0.0,26.3,119,audio_features,spotify:track:3fhcFTnVfJE818TlVi2295,https://api.spotify.com/v1/tracks/3fhcFTnVfJE818TlVi2295,https://api.spotify.com/v1/audio-analysis/3fhcFTnVfJE818TlVi2295,03:08,4.0,https://i.scdn.co/image/ab67616d0000b27384d49745f1aaec7bafb19232,2019-08-16,2019.0,False,44.0,https://p.scdn.co/mp3-preview/cd88316196b66b3b6c4f77f5fcc98caff3766018?cid=484c8fc1e0c54669ac770f80991a8280,35,20018
Krushed Opiates - Master Beat (Mojo Rising Remix) [Electronic Rock/Industrial] (2002),Master Beat,Krushed Opiates,Master Beat,Krushed Opiates,Master Beat - Original Version,Krushed Opiates,"electronic rock, industrial",,Krushed Opiates - Master Beat (Mojo Rising Remix),2022-10-29,42.8,35.0,,youtube,,,,https://www.youtube.com/watch?v=8Ucfcta0H3M,8Ucfcta0H3M,6CjcINNBwVOnBJE8QKIkIo,57.5,-1014.1,E,-10.141,0.0,50.9,22.5,1.62,23.2,57.0,124,audio_features,spotify:track:6CjcINNBwVOnBJE8QKIkIo,https://api.spotify.com/v1/tracks/6CjcINNBwVOnBJE8QKIkIo,https://api.spotify.com/v1/audio-analysis/6CjcINNBwVOnBJE8QKIkIo,04:36,4.0,https://i.scdn.co/image/ab67616d0000b27303ed78782ebaa9e260698045,2002-10-01,2002.0,True,0.0,https://p.scdn.co/mp3-preview/91a63343736ff20524afec83bd9c5d3cad0dcc4e?cid=484c8fc1e0c54669ac770f80991a8280,0,5
Harvey Danger - Flagpole Sitta [alternative/rock],Flagpole Sitta,Harvey Danger,Flagpole Sitta,Harvey Danger,Flagpole Sitta,Harvey Danger,"alternative, rock","'alternative rock', 'pop rock'",Harvey Danger - Flagpole Sitta (Official Music Video),2022-10-31,48.2,34.0,,youtube,,,,https://www.youtube.com/watch?v=wYsMjEeEg4g,wYsMjEeEg4g,7cz70nyRXlCJOE85whEkgU,90.1,-413.3,E,-4.133,0.0,36.1,4.43,0.15,0.03,28.6,144,audio_features,spotify:track:7cz70nyRXlCJOE85whEkgU,https://api.spotify.com/v1/tracks/7cz70nyRXlCJOE85whEkgU,https://api.spotify.com/v1/audio-analysis/7cz70nyRXlCJOE85whEkgU,03:37,4.0,https://i.scdn.co/image/ab67616d0000b273868d99be4de6929eeac899ba,1997-01-01,1997.0,False,65.0,,50,98955
"Blur - Song 2 (but every ""woohoo"" is done by Mario) [Rock]",Song 2,Blur,woohoo,Blur,Song 2,Blur,rock,"'alternative rock', 'britpop', 'madchester', 'modern rock', 'permanent wave', 'pop rock', 'rock'","Blur - Song 2, but every ""woohoo"" is done by Mario",2022-10-29,85.5,33.0,,youtube,,,,https://www.youtube.com/watch?v=66yH8RZSwUc,66yH8RZSwUc,2lg3GXjKvdAeftEYuU3qm5,70.9,-673.6,Ab,-6.736,1.0,65.8,9.04,0.19,0.45,6.57,129,audio_features,spotify:track:2lg3GXjKvdAeftEYuU3qm5,https://api.spotify.com/v1/tracks/2lg3GXjKvdAeftEYuU3qm5,https://api.spotify.com/v1/audio-analysis/2lg3GXjKvdAeftEYuU3qm5,02:01,4.0,https://i.scdn.co/image/ab67616d0000b273821bfaa5ebaf47710f4ddd1a,2021-05-28,2021.0,False,9.0,https://p.scdn.co/mp3-preview/1eb7619e3936856cf3d36541eee4eba4d01ed58a?cid=484c8fc1e0c54669ac770f80991a8280,68,2635951
Tiny Ruins - 'Carriages' [Indie Folk] (2014),Carriages,Tiny Ruins,Carriages,Tiny Ruins,Carriages,Tiny Ruins,indie folk,"'auckland indie', 'chamber pop', 'dunedin indie', 'indie folk', 'nz folk'",Tiny Ruins - 'Carriages' (Official Video),2022-10-30,14.3,26.0,,youtube,,,,https://www.youtube.com/watch?v=4mZy7ulpdq8,4mZy7ulpdq8,5wf1k1QTYU8ZfsxatAGZCv,20.5,-1426.5,Db/C#,-14.265,1.0,62.4,3.11,88.8,5.85,10.6,134,audio_features,spotify:track:5wf1k1QTYU8ZfsxatAGZCv,https://api.spotify.com/v1/tracks/5wf1k1QTYU8ZfsxatAGZCv,https://api.spotify.com/v1/audio-analysis/5wf1k1QTYU8ZfsxatAGZCv,04:23,4.0,https://i.scdn.co/image/ab67616d0000b2739afdfc18afe1a253b5c6bc0e,2014-05-05,2014.0,False,26.0,https://p.scdn.co/mp3-preview/24d5e0a26ee542b5994a95ac9add58e1aec40f97?cid=484c8fc1e0c54669ac770f80991a8280,34,28621
Prisoner - Trees [downtempo/ chill guitar jams] (2018),Trees,Prisoner,Trees,Prisoner,Crying Sauce,Prisoner,"downtempo, chill guitar jams",,Prisoner - Trees (Full album)  - Sleep or study  [ Chill instrumental] Frusciante inspired,2022-10-30,27.1,26.0,,youtube,,,,https://www.youtube.com/watch?v=Xf1gMqImSqk,Xf1gMqImSqk,2PIHVtG2VCiWJwWd7t13mt,13.7,-1316.4,Gb/F#,-13.164,0.0,39.7,5.51,99.1,89.6,11.2,181,audio_features,spotify:track:2PIHVtG2VCiWJwWd7t13mt,https://api.spotify.com/v1/tracks/2PIHVtG2VCiWJwWd7t13mt,https://api.spotify.com/v1/audio-analysis/2PIHVtG2VCiWJwWd7t13mt,02:12,4.0,https://i.scdn.co/image/ab67616d0000b273f39a53a125237d90939b4e83,2020-01-29,2020.0,False,9.0,https://p.scdn.co/mp3-preview/34204aa08cfb48ed3a407a659b70077636dad427?cid=484c8fc1e0c54669ac770f80991a8280,22,3118
Fly My Pretties - Quiet Girl [Folk/Roots] (2019),Quiet Girl,Fly My Pretties,,,Quiet Girl,Fly My Pretties,"folk, roots","'kiwi rock', 'nz reggae'",Quiet Girl,2022-10-31,75.7,25.0,,youtube,,,,https://www.youtube.com/watch?v=Bj1DJcT4uoA,Bj1DJcT4uoA,3ehU3iQ4cUdYpDJlg0ENn3,42.0,-1291.0,F,-12.91,1.0,72.6,2.42,32.2,16.0,11.8,106,audio_features,spotify:track:3ehU3iQ4cUdYpDJlg0ENn3,https://api.spotify.com/v1/tracks/3ehU3iQ4cUdYpDJlg0ENn3,https://api.spotify.com/v1/audio-analysis/3ehU3iQ4cUdYpDJlg0ENn3,04:03,4.0,https://i.scdn.co/image/ab67616d0000b273ac0c93369f6bee48a7085acd,2019-10-25,2019.0,False,36.0,https://p.scdn.co/mp3-preview/a866d3460e3b924cc004d4db94f64c74f48850a0?cid=484c8fc1e0c54669ac770f80991a8280,33,29503
bloody/bath - Witch Hunt [Post-Punk / Indie Rock / Dream Pop] (2021),Witch Hunt,bloody/bath,,,Witch Hunt,bloody/bath,"post-punk, indie rock, dream pop",,Witch Hunt,2022-10-30,16.3,23.0,,youtube,,,,https://www.youtube.com/watch?v=BXYIH_yc9cQ,BXYIH_yc9cQ,6hc9HviOxSTQNEpnJjQtvK,95.9,-674.9,Bb,-6.749,1.0,49.5,4.75,18.3,76.7,6.62,168,audio_features,spotify:track:6hc9HviOxSTQNEpnJjQtvK,https://api.spotify.com/v1/tracks/6hc9HviOxSTQNEpnJjQtvK,https://api.spotify.com/v1/audio-analysis/6hc9HviOxSTQNEpnJjQtvK,02:49,4.0,https://i.scdn.co/image/ab67616d0000b273a79b0e794ad2f4c18323fe89,2021-11-26,2021.0,False,28.0,https://p.scdn.co/mp3-preview/27597792bf83b179b8f6de9e51893dac9a79aba4?cid=484c8fc1e0c54669ac770f80991a8280,28,3112
Faetooth - Saturn Devouring His Son [doom metal] (2022),Saturn Devouring His Son,Faetooth,,,Saturn Devouring His Son,Faetooth,doom metal,'doomgaze',Saturn Devouring His Son,2022-10-29,8.47,22.0,,youtube,,,,https://www.youtube.com/watch?v=xx5L_VaTrao,xx5L_VaTrao,7AmrhZ3sK6TJsaPVGGJSYf,51.6,-609.2,A,-6.092,0.0,31.4,2.96,1.97,60.0,8.92,126,audio_features,spotify:track:7AmrhZ3sK6TJsaPVGGJSYf,https://api.spotify.com/v1/tracks/7AmrhZ3sK6TJsaPVGGJSYf,https://api.spotify.com/v1/audio-analysis/7AmrhZ3sK6TJsaPVGGJSYf,09:31,4.0,https://i.scdn.co/image/ab67616d0000b27344c04fa8c1f8000778fb68e5,2022-10-28,2022.0,False,13.0,https://p.scdn.co/mp3-preview/3f6f3fbc7a75b5019594531683ab8a049290aeeb?cid=484c8fc1e0c54669ac770f80991a8280,25,6172
Vampires of Tokyo - Electric Yakuza [cyberpunk/synthwave] (2022),Electric Yakuza,Vampires of Tokyo,ELECTRIC YAKUZA,CYBERPUNK MUSIC / SYNTHWAVE,CYBER PUNK!,GameboyJones,"cyberpunk, synthwave",'anime rap',CYBERPUNK MUSIC / SYNTHWAVE - ELECTRIC YAKUZA,2022-10-27,74.0,22.0,,youtube,,,,https://www.youtube.com/watch?v=BZmXI9yB8uA,BZmXI9yB8uA,2xWbO1Y18UiYcFjXb8WO8h,91.9,-168.3,D,-1.683,1.0,67.0,11.9,1.12,0.0,17.8,172,audio_features,spotify:track:2xWbO1Y18UiYcFjXb8WO8h,https://api.spotify.com/v1/tracks/2xWbO1Y18UiYcFjXb8WO8h,https://api.spotify.com/v1/audio-analysis/2xWbO1Y18UiYcFjXb8WO8h,01:56,4.0,https://i.scdn.co/image/ab67616d0000b273714f4dd12581ac57bdb3649e,2022-10-01,2022.0,True,39.0,https://p.scdn.co/mp3-preview/91c0d088ea1c47306379f7e8ac520345a86cf76c?cid=484c8fc1e0c54669ac770f80991a8280,49,75731
Jembaa Groove - Aawoya [Afro-Soul] (2022),Aawoya,Jembaa Groove,,,Aawoya,Jembaa Groove,afro-soul,,Aawoya,2022-10-28,93.7,21.0,,youtube,,,,https://www.youtube.com/watch?v=7qcwfd4ijWA,7qcwfd4ijWA,29wkdw53ESC6qIybyZQbES,48.0,-1319.4,A,-13.194,0.0,72.8,5.46,75.0,79.3,10.7,97,audio_features,spotify:track:29wkdw53ESC6qIybyZQbES,https://api.spotify.com/v1/tracks/29wkdw53ESC6qIybyZQbES,https://api.spotify.com/v1/audio-analysis/29wkdw53ESC6qIybyZQbES,04:56,3.0,https://i.scdn.co/image/ab67616d0000b273291b05869df4d896ff782541,2022-03-18,2022.0,False,22.0,https://p.scdn.co/mp3-preview/6bd69cea4a48eec17019b7d0c0d048bb383a3269?cid=484c8fc1e0c54669ac770f80991a8280,27,2495
Midnight Oil - Forgotten Years [Rock],Forgotten Years,Midnight Oil,Forgotten Years,Midnight Oil,Forgotten Years - 2011 Remaster,Midnight Oil,rock,"'australian rock', 'rock'",Midnight Oil - Forgotten Years,2022-10-30,55.8,20.0,,youtube,,,,https://www.youtube.com/watch?v=X9eap_cKLP4,X9eap_cKLP4,6PrbbxJFuwDUUcgEjZW0jr,96.4,-265.3,B/Cb,-2.653,0.0,49.7,7.03,1.49,0.0,11.9,152,audio_features,spotify:track:6PrbbxJFuwDUUcgEjZW0jr,https://api.spotify.com/v1/tracks/6PrbbxJFuwDUUcgEjZW0jr,https://api.spotify.com/v1/audio-analysis/6PrbbxJFuwDUUcgEjZW0jr,04:16,4.0,https://i.scdn.co/image/ab67616d0000b273319e0e59309ab40af8fb5862,1990-06-10,1990.0,False,51.0,https://p.scdn.co/mp3-preview/14cb9acf9c7175ba17b50f201ba9c1b531109a4d?cid=484c8fc1e0c54669ac770f80991a8280,59,684762
Witchfinder General - Witchfinder General [Heavy Metal] (1981),Witchfinder General,Witchfinder General,,,Witchfinder General,Witchfinder General,heavy metal,"'doom metal', 'metal', 'nwobhm', 'uk doom metal'",Witchfinder General,2022-10-31,42.0,18.0,,youtube,,,,https://www.youtube.com/watch?v=6_9WVAXlbO0,6_9WVAXlbO0,4Q1z3m85SjsfDxw4YV0gYR,70.8,-959.7,F,-9.597,1.0,22.6,6.69,41.1,0.0,35.1,190,audio_features,spotify:track:4Q1z3m85SjsfDxw4YV0gYR,https://api.spotify.com/v1/tracks/4Q1z3m85SjsfDxw4YV0gYR,https://api.spotify.com/v1/audio-analysis/4Q1z3m85SjsfDxw4YV0gYR,03:51,4.0,https://i.scdn.co/image/ab67616d0000b273b29f071bff933acd9411b517,1982-01-01,1982.0,False,32.0,https://p.scdn.co/mp3-preview/f3bc1ad0df7b17d8c11f805ac9b31bad5cee3bc7?cid=484c8fc1e0c54669ac770f80991a8280,30,39289
Slow Crush - Blue [shoegaze] (2022),Blue,Slow Crush,Blue,Slow Crush,Blue,Slow Crush,shoegaze,"'belgian indie rock', 'belgian post-rock', 'dreamo', 'grungegaze', 'nu gaze'",Slow Crush - Blue (official video),2022-10-28,11.1,14.0,,youtube,,,,https://www.youtube.com/watch?v=VF63_6qIbRE,VF63_6qIbRE,5YPhuDXmwpZuFP9Ef9mUwg,71.2,-789.3,D,-7.893,0.0,25.1,3.9,0.15,74.6,15.2,141,audio_features,spotify:track:5YPhuDXmwpZuFP9Ef9mUwg,https://api.spotify.com/v1/tracks/5YPhuDXmwpZuFP9Ef9mUwg,https://api.spotify.com/v1/audio-analysis/5YPhuDXmwpZuFP9Ef9mUwg,04:07,4.0,https://i.scdn.co/image/ab67616d0000b273be1f4b89caf8134524429bbb,2021-10-22,2021.0,False,22.0,https://p.scdn.co/mp3-preview/b277067c521cb4b609e2f684f1da5f8ccc685def?cid=484c8fc1e0c54669ac770f80991a8280,35,27556
VOUNA - Highest Mountain [Atmospheric Black/Funeral Doom Metal] (2021),Highest Mountain,VOUNA,Highest Mountain,VOUNA,Highest Mountain,Vouna,"atmospheric black, funeral doom metal","'atmospheric doom', 'autonomous black metal', 'cascadian black metal'",VOUNA - Highest Mountain (official audio),2022-10-29,7.99,14.0,,youtube,,,,https://www.youtube.com/watch?v=kmy6n4i6P9o,kmy6n4i6P9o,0d8XPyIflFJLGQ3iX5qGpS,29.4,-1146.8,A,-11.468,0.0,9.91,3.47,0.22,82.5,9.72,75,audio_features,spotify:track:0d8XPyIflFJLGQ3iX5qGpS,https://api.spotify.com/v1/tracks/0d8XPyIflFJLGQ3iX5qGpS,https://api.spotify.com/v1/audio-analysis/0d8XPyIflFJLGQ3iX5qGpS,09:13,3.0,https://i.scdn.co/image/ab67616d0000b273fcc62a14aba7cd0203ab6cc4,2021-07-16,2021.0,False,6.0,https://p.scdn.co/mp3-preview/af198e473ffac06206a4e2629dfaf07a9f74fddc?cid=484c8fc1e0c54669ac770f80991a8280,3,1908
Aden Foyer -- The Ballet Girl [Pop] (2022),The Ballet Girl,Aden Foyer,The Ballet Girl,Aden Foyer,The Ballet Girl,Aden Foyer,pop,,Aden Foyer - The Ballet Girl (Official Music Video),2022-10-29,60.1,12.0,,youtube,,,,https://www.youtube.com/watch?v=EzQ-KpvHm60,EzQ-KpvHm60,1yVBxI8TaIL86Rrmah83fd,81.6,-474.1,D,-4.741,1.0,69.4,2.93,7.96,0.0,10.3,118,audio_features,spotify:track:1yVBxI8TaIL86Rrmah83fd,https://api.spotify.com/v1/tracks/1yVBxI8TaIL86Rrmah83fd,https://api.spotify.com/v1/audio-analysis/1yVBxI8TaIL86Rrmah83fd,03:21,4.0,https://i.scdn.co/image/ab67616d0000b27300722b0bba742c665c8dc484,2022-10-21,2022.0,False,68.0,https://p.scdn.co/mp3-preview/1901744d48ddde48a1e06a6e9aa0feb2a11d5e58?cid=484c8fc1e0c54669ac770f80991a8280,50,13531
Earnest Jackson / Sugar Daddy and the Gumbo Roux — Inflation [R&B/Soul] (1975),Inflation,Earnest Jackson / Sugar Daddy and the Gumbo Roux,,,Inflation,Earnest Jackson,"r&b, soul",,Inflation,2022-10-30,89.0,11.0,,spotify,,,,,,0PUWmPna5P0hKtSwXWin9o,53.9,-1504.7,E,-15.047,1.0,70.6,12.2,82.9,0.02,41.9,125,audio_features,spotify:track:0PUWmPna5P0hKtSwXWin9o,https://api.spotify.com/v1/tracks/0PUWmPna5P0hKtSwXWin9o,https://api.spotify.com/v1/audio-analysis/0PUWmPna5P0hKtSwXWin9o,03:19,4.0,https://i.scdn.co/image/ab67616d0000b2737b2685f030bd31ad093d0ad7,2022-10-28,2022.0,False,32.0,https://p.scdn.co/mp3-preview/10dca96146ec4d46b12a8fd01cdccb3a3357d456?cid=484c8fc1e0c54669ac770f80991a8280,17,441
Akira Yamaoka - Promise (from Silent Hill 2 soundtrack) [Alternative Rock],Promise,Akira Yamaoka,Promise,Silent Hill 2 OST,Promise (Reprise),Akira Yamaoka,alternative rock,"'japanese soundtrack', 'japanese vgm', 'video game music'",Silent Hill 2 OST - Promise,2022-10-29,30.7,10.0,,youtube,,,,https://www.youtube.com/watch?v=6qalGezr76o,6qalGezr76o,6dl9CLsX1YMILAq5qQgkIo,18.6,-1846.8,G,-18.468,0.0,57.5,3.9,99.5,83.2,11.1,150,audio_features,spotify:track:6dl9CLsX1YMILAq5qQgkIo,https://api.spotify.com/v1/tracks/6dl9CLsX1YMILAq5qQgkIo,https://api.spotify.com/v1/audio-analysis/6dl9CLsX1YMILAq5qQgkIo,01:44,4.0,https://i.scdn.co/image/ab67616d0000b27330f7a8628bd1b67c0ee5c817,2001-10-03,2001.0,False,53.0,https://p.scdn.co/mp3-preview/9a30f25d8bac7be8bb5273bfe3d4469dee194e38?cid=484c8fc1e0c54669ac770f80991a8280,55,96171
Autumns Grey Solace - Phobic Sea [atmopshpheric/shoegaze] (2011),Phobic Sea,Autumns Grey Solace,,,Phobic Sea,Autumn's Grey Solace,"atmopshpheric, shoegaze","'dark wave', 'dream pop', 'ethereal wave', 'neoclassical darkwave'",Autumn's Grey Solace - Phobic Sea,2022-10-29,15.3,10.0,,youtube,,,,https://www.youtube.com/watch?v=suZWmWjv6co,suZWmWjv6co,6Mco0CgEe4s4WzT7Z27xsW,60.2,-917.4,F,-9.174,0.0,42.2,2.57,42.2,93.2,11.0,82,audio_features,spotify:track:6Mco0CgEe4s4WzT7Z27xsW,https://api.spotify.com/v1/tracks/6Mco0CgEe4s4WzT7Z27xsW,https://api.spotify.com/v1/audio-analysis/6Mco0CgEe4s4WzT7Z27xsW,04:12,4.0,https://i.scdn.co/image/ab67616d0000b2738f90cf6c77aab6db2fd58425,2011-02-08,2011.0,False,6.0,https://p.scdn.co/mp3-preview/096b56fa0a44f0bf5ab88b7c9f4c339fb968fb41?cid=484c8fc1e0c54669ac770f80991a8280,30,13759
The Lickerish Quartet -- Lighthouse Spaceship [rock/power-pop] (2020),Lighthouse Spaceship,The Lickerish Quartet,Lighthouse Spaceship,The Lickerish Quartet,Lighthouse Spaceship,The Lickerish Quartet,"rock, power-pop",,"The Lickerish Quartet   ""Lighthouse Spaceship""",2022-10-30,24.5,9.0,,youtube,,,,https://www.youtube.com/watch?v=p8tzd6UNA4k,p8tzd6UNA4k,1beod6WuayEPB3qgUUmJMl,83.7,-837.2,E,-8.372,1.0,26.2,7.34,0.1,0.01,34.2,156,audio_features,spotify:track:1beod6WuayEPB3qgUUmJMl,https://api.spotify.com/v1/tracks/1beod6WuayEPB3qgUUmJMl,https://api.spotify.com/v1/audio-analysis/1beod6WuayEPB3qgUUmJMl,06:26,4.0,https://i.scdn.co/image/ab67616d0000b2739fbc22db2f3e53d09217c4a8,2020-03-13,2020.0,False,15.0,https://p.scdn.co/mp3-preview/df569ecf8672a563fc92708bec243e706c46ba4e?cid=484c8fc1e0c54669ac770f80991a8280,12,4316
Velvet Revolver - The Last Fight (Live) [Rock],The Last Fight,Velvet Revolver,The Last Fight,Velvet Revolver,The Last Fight,Velvet Revolver,rock,"'alternative metal', 'alternative rock', 'grunge', 'hard rock', 'nu metal', 'rock', 'supergroup'",Velvet Revolver - The Last Fight (Nissan Live),2022-10-30,46.3,9.0,,youtube,,,,https://www.youtube.com/watch?v=qICxyoCptlY,qICxyoCptlY,6DEQ7nhcQXs1rQuWi2DoLJ,78.3,-433.5,G,-4.335,1.0,26.1,3.21,0.09,0.01,7.53,185,audio_features,spotify:track:6DEQ7nhcQXs1rQuWi2DoLJ,https://api.spotify.com/v1/tracks/6DEQ7nhcQXs1rQuWi2DoLJ,https://api.spotify.com/v1/audio-analysis/6DEQ7nhcQXs1rQuWi2DoLJ,04:03,4.0,https://i.scdn.co/image/ab67616d0000b273e50ed9b15b7f40f7fcae1c9f,2007-07-03,2007.0,False,45.0,https://p.scdn.co/mp3-preview/810bd328ad3c01cb73b76073b03f1dfa2c6afc4f?cid=484c8fc1e0c54669ac770f80991a8280,55,1327212
"Vile Creature - Glory, Glory! Apathy Took Helm! [doom/sludge] (2020)","Glory, Glory! Apathy Took Helm!",Vile Creature,"GLORY, GLORY! APATHY TOOK HELM!",VILE CREATURE,Harbinger of Nothing,Vile Creature,"doom, sludge",'post-doom metal',"VILE CREATURE  - GLORY, GLORY! APATHY TOOK HELM! (OFFICIAL VIDEO)",2022-10-28,9.32,9.0,,youtube,,,,https://www.youtube.com/watch?v=0O52Bfo6eMc,0O52Bfo6eMc,0reCqFoZjSU9LdeDeGfs8K,67.4,-840.7,F,-8.407,1.0,25.1,4.94,0.01,78.1,67.0,105,audio_features,spotify:track:0reCqFoZjSU9LdeDeGfs8K,https://api.spotify.com/v1/tracks/0reCqFoZjSU9LdeDeGfs8K,https://api.spotify.com/v1/audio-analysis/0reCqFoZjSU9LdeDeGfs8K,11:02,4.0,https://i.scdn.co/image/ab67616d0000b27374d39cade4f4b8f4e00e287d,2020-06-19,2020.0,False,19.0,https://p.scdn.co/mp3-preview/9fef6e94309ad32b33b398703f5573e01444360b?cid=484c8fc1e0c54669ac770f80991a8280,11,7892
Chris Kläfford - Before You Go (Live cover),Before You Go,Chris Kläfford,"Before You Go, Guesting a Kitchen Edition",Chris Kläfford,Before You Go - Guitar Acoustic,Lewis Capaldi,,"'pop', 'uk pop'","Chris Kläfford - Before You Go, Guesting a Kitchen Edition [S02-E07]",2022-10-29,46.6,8.0,,youtube,,,,https://www.youtube.com/watch?v=b5HmdWRqyOg,b5HmdWRqyOg,27829SWtwhWUANViVTEpol,44.5,-539.5,Eb,-5.395,1.0,47.7,3.38,71.7,0.0,9.96,82,audio_features,spotify:track:27829SWtwhWUANViVTEpol,https://api.spotify.com/v1/tracks/27829SWtwhWUANViVTEpol,https://api.spotify.com/v1/audio-analysis/27829SWtwhWUANViVTEpol,03:38,3.0,https://i.scdn.co/image/ab67616d0000b273c1568d95672ce9e0df20fff9,2020-01-24,2020.0,False,62.0,,80,10028214
Jacky Boy -- Good Enough [power-pop] (2022),Good Enough,Jacky Boy,Good Enough,Jacky Boy,Good Enough,Jacky Boy,power-pop,'indiana indie',Jacky Boy - Good Enough (Official Video),2022-10-30,77.9,8.0,,youtube,,,,https://www.youtube.com/watch?v=tjErvveZVQ8,tjErvveZVQ8,0OsFWJGSTPKRkT0mnKtsXa,89.8,-702.1,G,-7.021,1.0,45.6,3.68,1.88,0.02,8.02,90,audio_features,spotify:track:0OsFWJGSTPKRkT0mnKtsXa,https://api.spotify.com/v1/tracks/0OsFWJGSTPKRkT0mnKtsXa,https://api.spotify.com/v1/audio-analysis/0OsFWJGSTPKRkT0mnKtsXa,03:20,4.0,https://i.scdn.co/image/ab67616d0000b2736fe4c845fc5666b46f207756,2022-04-29,2022.0,False,13.0,https://p.scdn.co/mp3-preview/b45ce5ed09e6a1f4aeda21aff363554074993fe4?cid=484c8fc1e0c54669ac770f80991a8280,8,363
David Gilmour - Then I Close My Eyes [Alt Rock] - 2006,Then I Close My Eyes,David Gilmour,Then I Close My Eyes,David Gilmour,Then I Close My Eyes,David Gilmour,alt rock,"'album rock', 'art rock', 'blues rock', 'classic rock', 'progressive rock', 'symphonic rock'",David Gilmour - Then I Close My Eyes (Live In Gdańsk),2022-10-29,12.8,8.0,,youtube,,,,https://www.youtube.com/watch?v=tNT6sVp31fM,tNT6sVp31fM,5BGJqkQ7499PY34oFkW1Ok,28.8,-1612.8,E,-16.128,1.0,33.5,2.81,94.0,90.7,37.3,143,audio_features,spotify:track:5BGJqkQ7499PY34oFkW1Ok,https://api.spotify.com/v1/tracks/5BGJqkQ7499PY34oFkW1Ok,https://api.spotify.com/v1/audio-analysis/5BGJqkQ7499PY34oFkW1Ok,05:26,4.0,https://i.scdn.co/image/ab67616d0000b273fcd10043240cb017a55397a4,2006-03-06,2006.0,False,31.0,https://p.scdn.co/mp3-preview/2e9c745496e79a012f9943796764120e6689b182?cid=484c8fc1e0c54669ac770f80991a8280,53,1638200
Matti Charlton -- Swamp Song (Corserine Remix) [synthpop / synthwave] (2022),Swamp Song,Matti Charlton,Corserine Remix,Swamp Song,Swamp Song - Corserine Remix,Matti Charlton,"synthpop, synthwave",,Swamp Song - Corserine Remix,2022-10-27,27.8,8.0,,spotify,,,,,,5WWWuYhOLWV82Jsf3yznm0,73.3,-657.6,Ab,-6.576,1.0,67.8,5.59,21.1,0.34,11.2,120,audio_features,spotify:track:5WWWuYhOLWV82Jsf3yznm0,https://api.spotify.com/v1/tracks/5WWWuYhOLWV82Jsf3yznm0,https://api.spotify.com/v1/audio-analysis/5WWWuYhOLWV82Jsf3yznm0,03:50,4.0,https://i.scdn.co/image/ab67616d0000b27368dad205d0ee115115dfd960,2022-09-16,2022.0,False,7.0,https://p.scdn.co/mp3-preview/1b1d1c60b6336399efcf8b881a9b388550efc000?cid=484c8fc1e0c54669ac770f80991a8280,14,925
Choses Sauvages - - Chambre d'écho [electro / funk ] (2021),Chambre décho,Choses Sauvages,Chambre d'écho,Choses Sauvages,Chambre d'écho,Choses Sauvages,"electro, funk ",'indie quebecois',Choses Sauvages - Chambre d'écho,2022-10-30,63.8,7.0,,youtube,,,,https://www.youtube.com/watch?v=WY7Wtfaf-uc,WY7Wtfaf-uc,3K39UcTMhkLDzMJCWR1Fo5,70.1,-624.7,C,-6.247,1.0,74.6,5.4,3.89,2.41,9.45,139,audio_features,spotify:track:3K39UcTMhkLDzMJCWR1Fo5,https://api.spotify.com/v1/tracks/3K39UcTMhkLDzMJCWR1Fo5,https://api.spotify.com/v1/audio-analysis/3K39UcTMhkLDzMJCWR1Fo5,03:57,4.0,https://i.scdn.co/image/ab67616d0000b273a76d2c2d04da7b0076a7f4cd,2021-10-15,2021.0,False,19.0,https://p.scdn.co/mp3-preview/3419ece7e6a562e59de94e858cc87262e1c485aa?cid=484c8fc1e0c54669ac770f80991a8280,28,8746
"Silver Leaf - Can We Rebuild Our City? [Lofi Soul, Synth-Pop] (1986)",Can We Rebuild Our City?,Silver Leaf,Can We Rebuild Our City?,Silver Leaf,Can We Rebuild Our City?,Silver Leaf,"lofi soul, synth-pop",,"Silver Leaf - Can We Rebuild Our City? [US] Lo-Fi Soul, Synth-Pop (1986)",2022-10-29,10.9,7.0,,youtube,,,,https://www.youtube.com/watch?v=maIPakVvh8s,maIPakVvh8s,1kGVTlLhS0UqjmI34AHrAz,24.0,-2054.0,Eb,-20.54,1.0,47.9,3.23,23.9,23.6,18.8,89,audio_features,spotify:track:1kGVTlLhS0UqjmI34AHrAz,https://api.spotify.com/v1/tracks/1kGVTlLhS0UqjmI34AHrAz,https://api.spotify.com/v1/audio-analysis/1kGVTlLhS0UqjmI34AHrAz,03:12,4.0,https://i.scdn.co/image/ab67616d0000b273c51ed5092a5ec47260cafb88,2020-04-03,2020.0,False,6.0,https://p.scdn.co/mp3-preview/b2f6b8ff6d4fd52ed3074356abc80d7eb9ed6fa3?cid=484c8fc1e0c54669ac770f80991a8280,1,157
Shedfromthebody - Hum [doom metal/doomgaze] (2020),Hum,Shedfromthebody,,,Hum,Shedfromthebody,"doom metal, doomgaze",'doomgaze',Hum,2022-10-28,5.77,7.0,,youtube,,,,https://www.youtube.com/watch?v=3CEyIlC8Hf0,3CEyIlC8Hf0,2enkuZwWZImrqBr6wiuCiu,53.2,-725.9,E,-7.259,0.0,28.6,2.81,52.4,29.6,9.76,134,audio_features,spotify:track:2enkuZwWZImrqBr6wiuCiu,https://api.spotify.com/v1/tracks/2enkuZwWZImrqBr6wiuCiu,https://api.spotify.com/v1/audio-analysis/2enkuZwWZImrqBr6wiuCiu,05:01,3.0,https://i.scdn.co/image/ab67616d0000b27350b594470f58301c594f01cb,2020-05-17,2020.0,False,10.0,https://p.scdn.co/mp3-preview/efa5ed0fb797048dc17d1a2de334bd4f46c4d11c?cid=484c8fc1e0c54669ac770f80991a8280,9,1020
Meat Wave -- What Would You Like Me To Do [Alt Rock] (2022),What Would You Like Me To Do,Meat Wave,What Would You Like Me To Do,Meat Wave,What Would You Like Me to Do?,Meat Wave,alt rock,"'chicago indie', 'chicago pop punk', 'indie punk'","Meat Wave - ""What Would You Like Me To Do"" (Official Video)",2022-10-29,81.0,7.0,,youtube,,,,https://www.youtube.com/watch?v=kQraN-5Ba00,kQraN-5Ba00,1YDaOptKF4in0hk7uFMWkf,92.0,-842.8,B/Cb,-8.428,0.0,35.9,3.79,0.43,12.7,30.6,152,audio_features,spotify:track:1YDaOptKF4in0hk7uFMWkf,https://api.spotify.com/v1/tracks/1YDaOptKF4in0hk7uFMWkf,https://api.spotify.com/v1/audio-analysis/1YDaOptKF4in0hk7uFMWkf,04:33,4.0,https://i.scdn.co/image/ab67616d0000b273795cebbd5bfd21ab3d0ff6e0,2022-10-14,2022.0,True,29.0,https://p.scdn.co/mp3-preview/3800216632f8433ea2711623b7761684dfd41e9f?cid=484c8fc1e0c54669ac770f80991a8280,35,17931
No Cure -- Cursed From Birth [death metal / hardcore] (2022),Cursed From Birth,No Cure,Cursed From Birth,No Cure,Cursed From Birth,No Cure,"death metal, hardcore",,No Cure - Cursed From Birth (Official Music Video),2022-10-26,24.4,7.0,,youtube,,,,https://www.youtube.com/watch?v=GofqBtvBkW0,GofqBtvBkW0,1R1dIjS7BziQs31e2osTwl,98.9,-378.6,F,-3.786,0.0,41.5,9.71,0.0,0.0,45.0,140,audio_features,spotify:track:1R1dIjS7BziQs31e2osTwl,https://api.spotify.com/v1/tracks/1R1dIjS7BziQs31e2osTwl,https://api.spotify.com/v1/audio-analysis/1R1dIjS7BziQs31e2osTwl,02:03,4.0,https://i.scdn.co/image/ab67616d0000b27364ddcf3811903c50ea0e2b8c,2022-10-26,2022.0,True,14.0,https://p.scdn.co/mp3-preview/5ccf1d015b0db9b76bd78270dcd2d28a3176aa08?cid=484c8fc1e0c54669ac770f80991a8280,15,736
Candy Picnic - Temporary Things [alt-rock] (2022),Temporary Things,Candy Picnic,,,Temporary Things,Candy Picnic,alt-rock,'eugene indie',Temporary Things,2022-10-28,33.9,6.0,,youtube,,,,https://www.youtube.com/watch?v=T0SNt_QMEJY,T0SNt_QMEJY,59oAXzo4WwT3MhMUYK04nV,66.9,-963.2,B/Cb,-9.632,0.0,24.0,3.39,1.44,3.12,11.9,182,audio_features,spotify:track:59oAXzo4WwT3MhMUYK04nV,https://api.spotify.com/v1/tracks/59oAXzo4WwT3MhMUYK04nV,https://api.spotify.com/v1/audio-analysis/59oAXzo4WwT3MhMUYK04nV,04:07,4.0,https://i.scdn.co/image/ab67616d0000b2734a0f21e2e8243dcc7cd2201d,2022-06-30,2022.0,False,14.0,https://p.scdn.co/mp3-preview/01bf5f25775f3ec79b929c442aea51c5b1e327b3?cid=484c8fc1e0c54669ac770f80991a8280,9,891
Mischief Brew - A Liquor Never Brewed [folk/punk],A Liquor Never Brewed,Mischief Brew,a liquor never brewed,mischief brew,A Liquor Never Brewed - Demo,Mischief Brew,"folk, punk","'acoustic punk', 'anti-folk', 'folk punk', 'gypsy punk', 'philly indie'",mischief brew - a liquor never brewed,2022-10-29,69.5,6.0,,youtube,,,,https://www.youtube.com/watch?v=PDuyuvOPq0g,PDuyuvOPq0g,3WMV72lagQI1uNBmNsEc5h,94.5,-453.4,Db/C#,-4.534,1.0,39.2,11.1,83.2,0.01,8.63,150,audio_features,spotify:track:3WMV72lagQI1uNBmNsEc5h,https://api.spotify.com/v1/tracks/3WMV72lagQI1uNBmNsEc5h,https://api.spotify.com/v1/audio-analysis/3WMV72lagQI1uNBmNsEc5h,03:59,4.0,https://i.scdn.co/image/ab67616d0000b2738168cfaf7eaf7ab84935eb69,2008-04-08,2008.0,False,7.0,https://p.scdn.co/mp3-preview/829af2fecd4ecf63ba3bd984fb88c4d9b7d21d02?cid=484c8fc1e0c54669ac770f80991a8280,40,55725
Fuzzy Sun - Money [Alternative rock] (2022),Money,Fuzzy Sun,Money,Fuzzy Sun,Money - Everything Everything Remix,Fuzzy Sun,alternative rock,"'english indie rock', 'manchester indie'",Fuzzy Sun - Money (Official Visualiser),2022-10-29,46.2,6.0,,youtube,,,,https://www.youtube.com/watch?v=z1MAI7eQFjI,z1MAI7eQFjI,4IUKlrsycN78dbt1FH0Sbo,62.3,-624.1,D,-6.241,0.0,67.4,5.06,1.45,0.0,8.44,145,audio_features,spotify:track:4IUKlrsycN78dbt1FH0Sbo,https://api.spotify.com/v1/tracks/4IUKlrsycN78dbt1FH0Sbo,https://api.spotify.com/v1/audio-analysis/4IUKlrsycN78dbt1FH0Sbo,02:45,4.0,https://i.scdn.co/image/ab67616d0000b2732f39975ce7ec7d768e186fe8,2022-09-29,2022.0,False,39.0,https://p.scdn.co/mp3-preview/07bdd64f77dc454cb6ea668be293af214e551fc3?cid=484c8fc1e0c54669ac770f80991a8280,32,7862
Monodrone - 街で夜を過ごす (Spend The Night In The City) [Synth/City Pop] (2020),街で夜を過ごす,Monodrone,街で夜を過ごす,Monodrone,Monodrate,Nakuru Aitsuki,"synth, city pop",,Monodrone : 街で夜を過ごす (Spend The Night In The City),2022-10-27,48.3,6.0,,youtube,,,,https://www.youtube.com/watch?v=sQIO9H0--d4,sQIO9H0--d4,1wjaC427oXO0FV5CJ001RF,83.0,-432.7,Gb/F#,-4.327,0.0,27.0,8.38,82.1,0.0,8.02,169,audio_features,spotify:track:1wjaC427oXO0FV5CJ001RF,https://api.spotify.com/v1/tracks/1wjaC427oXO0FV5CJ001RF,https://api.spotify.com/v1/audio-analysis/1wjaC427oXO0FV5CJ001RF,05:17,3.0,https://i.scdn.co/image/ab67616d0000b2738ffd7b1ca921ce9833481ac9,2022-07-15,2022.0,False,23.0,https://p.scdn.co/mp3-preview/8de0820835e239e72c36a3ad8fe797892a30bcec?cid=484c8fc1e0c54669ac770f80991a8280,30,7751
Paul Simon - Hearts And Bones (1983) [Folk Rock],Hearts And Bones,Paul Simon,Hearts And Bones,Paul Simon,Hearts and Bones,Paul Simon,folk rock,"'classic rock', 'folk', 'folk rock', 'indie r&b', 'mellow gold', 'permanent wave', 'rock', 'roots rock', 'singer-songwriter', 'soft rock'",Paul Simon / Hearts And Bones [Vinyl Source],2022-10-30,47.8,6.0,,youtube,,,,https://www.youtube.com/watch?v=vt8yFjcjOjQ,vt8yFjcjOjQ,6WEEA3pDQVogiNND0jRfoJ,25.7,-1906.3,E,-19.063,1.0,58.2,3.7,93.2,3.93,11.1,114,audio_features,spotify:track:6WEEA3pDQVogiNND0jRfoJ,https://api.spotify.com/v1/tracks/6WEEA3pDQVogiNND0jRfoJ,https://api.spotify.com/v1/audio-analysis/6WEEA3pDQVogiNND0jRfoJ,05:39,4.0,https://i.scdn.co/image/ab67616d0000b27327c9771cafa783ffc8e3dc43,1983-11-04,1983.0,False,44.0,https://p.scdn.co/mp3-preview/c4eadefa770d524b755a78d23091825d626eea28?cid=484c8fc1e0c54669ac770f80991a8280,67,1955616
DAZY -- Out Of Body [Power Pop/Rock] (2022),Out Of Body,DAZY,,,Out of Body,Dazy,"power pop, rock",,Out of Body,2022-10-31,21.1,6.0,,youtube,,,,https://www.youtube.com/watch?v=mVXUzyR313w,mVXUzyR313w,6gyBvDOJ15cDB4T7OSqo8l,84.7,-670.5,B/Cb,-6.705,1.0,17.4,7.22,0.12,0.03,34.6,126,audio_features,spotify:track:6gyBvDOJ15cDB4T7OSqo8l,https://api.spotify.com/v1/tracks/6gyBvDOJ15cDB4T7OSqo8l,https://api.spotify.com/v1/audio-analysis/6gyBvDOJ15cDB4T7OSqo8l,02:48,5.0,https://i.scdn.co/image/ab67616d0000b273f5bac93652efab965842d81d,2022-10-28,2022.0,False,21.0,https://p.scdn.co/mp3-preview/1fc13d990f465ab34cf9bd226213fe99fbf76180?cid=484c8fc1e0c54669ac770f80991a8280,73,5929
Mohinder - Inhuman Nature [Post Hardcore/Emo] (1993),Inhuman Nature,Mohinder,,,Inhuman Nature,Mohinder,"post hardcore, emo",'emocore',Inhuman Nature,2022-10-30,35.5,6.0,,youtube,,,,https://www.youtube.com/watch?v=djpei5dsr6o,djpei5dsr6o,6bK7gMu9sm0RtVl6GLLy3U,95.0,-576.4,E,-5.764,1.0,27.7,5.69,0.02,78.0,62.3,140,audio_features,spotify:track:6bK7gMu9sm0RtVl6GLLy3U,https://api.spotify.com/v1/tracks/6bK7gMu9sm0RtVl6GLLy3U,https://api.spotify.com/v1/audio-analysis/6bK7gMu9sm0RtVl6GLLy3U,02:21,4.0,https://i.scdn.co/image/ab67616d0000b27380d1200c81329fc7d7134c56,1993-11-25,1993.0,False,17.0,https://p.scdn.co/mp3-preview/b537e1a84a888e282344077d61c60afde9b7c0bb?cid=484c8fc1e0c54669ac770f80991a8280,15,3038
Stromae - carmen [Pop/R&B],carmen,Stromae,carmen,Stromae,carmen,Stromae,"pop, r&b","'belgian pop', 'g-house'",Stromae - carmen (Official Music Video),2022-10-29,52.3,6.0,,youtube,,,,https://www.youtube.com/watch?v=UKftOH54iNU,UKftOH54iNU,60ynqVuPGEmnNqhRRehCZI,82.4,-800.9,Ab,-8.009,1.0,65.9,10.9,2.13,0.01,38.4,150,audio_features,spotify:track:60ynqVuPGEmnNqhRRehCZI,https://api.spotify.com/v1/tracks/60ynqVuPGEmnNqhRRehCZI,https://api.spotify.com/v1/audio-analysis/60ynqVuPGEmnNqhRRehCZI,03:09,4.0,https://i.scdn.co/image/ab67616d0000b273e742841accccf949d7af1b75,2013-01-01,2013.0,False,43.0,,71,2625697
Que En Paz Descanse - Orgullo [Punk] (2021),Orgullo,Que En Paz Descanse,ORGULLO,09,Orgullo Maldito,Los Tigres Del Norte,punk,'norteno',09-ORGULLO,2022-10-27,91.7,5.0,,youtube,,,,https://www.youtube.com/watch?v=Mym_1iRPWUM,Mym_1iRPWUM,2GgXOMxzVVJxjY70F5MFeh,57.8,-556.4,C,-5.564,1.0,86.1,11.2,33.8,0.0,15.6,109,audio_features,spotify:track:2GgXOMxzVVJxjY70F5MFeh,https://api.spotify.com/v1/tracks/2GgXOMxzVVJxjY70F5MFeh,https://api.spotify.com/v1/audio-analysis/2GgXOMxzVVJxjY70F5MFeh,02:23,4.0,https://i.scdn.co/image/ab67616d0000b2730974dddf1f5581aedfb98478,1991-01-01,1991.0,False,41.0,,74,4002825
Culture - Jah Rastafari [Roots Reggae] (1979),Jah Rastafari,Culture,,,Jah Rastafari - 2001 Digital Remaster,Culture,roots reggae,"'disco', 'europop', 'mellow gold', 'new romantic', 'new wave', 'new wave pop', 'soft rock', 'synthpop'",Culture ♬ Jah Rastafari (1979),2022-10-28,94.9,5.0,,youtube,,,,https://www.youtube.com/watch?v=CWQsoHFAzp8,CWQsoHFAzp8,0GmOHn2XofRigQ4Eaqu6jQ,54.6,-935.9,A,-9.359,1.0,75.6,16.1,20.5,0.0,32.9,75,audio_features,spotify:track:0GmOHn2XofRigQ4Eaqu6jQ,https://api.spotify.com/v1/tracks/0GmOHn2XofRigQ4Eaqu6jQ,https://api.spotify.com/v1/audio-analysis/0GmOHn2XofRigQ4Eaqu6jQ,03:39,4.0,https://i.scdn.co/image/ab67616d0000b2732bba5c4f8e09c582f42c56b6,1979-01-01,1979.0,False,41.0,,62,1321289
Creation - The Hero [New Wave / Psychedelic Rock] (1979),The Hero,Creation,The Hero,Creation,Legalize The Herb,Macka B,"new wave, psychedelic rock","'dub', 'modern reggae', 'reggae', 'roots reggae', 'uk reggae'",Creation - The Hero,2022-10-31,52.4,5.0,,youtube,,,,https://www.youtube.com/watch?v=93lS5DK5tKg,93lS5DK5tKg,11wr9WSvJkEHl2k4avPE1t,48.3,-1106.3,C,-11.063,1.0,89.4,13.5,10.7,0.01,6.53,92,audio_features,spotify:track:11wr9WSvJkEHl2k4avPE1t,https://api.spotify.com/v1/tracks/11wr9WSvJkEHl2k4avPE1t,https://api.spotify.com/v1/audio-analysis/11wr9WSvJkEHl2k4avPE1t,03:36,4.0,https://i.scdn.co/image/ab67616d0000b273b4a0009de6ce2afd3b9d0c2f,1995-01-01,1995.0,False,33.0,https://p.scdn.co/mp3-preview/e276f08ccf1b0ff6cc3ececb6355601966b6cd18?cid=484c8fc1e0c54669ac770f80991a8280,40,36458
Abraxas -- Sunrise State (Of Mind) [Latin/Psyche Rock] (2022),Sunrise State,Abraxas,Sunrise State,Abraxas,Sunrise State (Of Mind),Abraxas,"latin, psyche rock",,Abraxas - Sunrise State (Of Mind),2022-10-29,94.1,5.0,,youtube,,,,https://www.youtube.com/watch?v=vh_0a8QuSJA,vh_0a8QuSJA,0hDLidl3JXhHB0NhCX4ftL,68.2,-742.9,C,-7.429,0.0,53.7,2.73,4.11,5.15,34.5,90,audio_features,spotify:track:0hDLidl3JXhHB0NhCX4ftL,https://api.spotify.com/v1/tracks/0hDLidl3JXhHB0NhCX4ftL,https://api.spotify.com/v1/audio-analysis/0hDLidl3JXhHB0NhCX4ftL,04:27,4.0,https://i.scdn.co/image/ab67616d0000b2736e460c2fb5bc170600752e47,2022-08-09,2022.0,False,33.0,https://p.scdn.co/mp3-preview/3fbf50c38d82c8bbaa297df2e9ac04de6ce52ffb?cid=484c8fc1e0c54669ac770f80991a8280,21,855
Actor Actor - Lakes of Pontchartrain [Folk/Indie] (2018),Lakes of Pontchartrain,Actor Actor,Lakes of Pontchartrain,Actor Actor,Lakes of Pontchartrain (Recorded at Spotify Studios NYC),Aoife O'Donovan,"folk, indie","'boston folk', 'indie folk', 'new americana', 'progressive bluegrass', 'stomp and holler'",Actor Actor - Lakes of Pontchartrain,2022-10-27,36.6,5.0,,youtube,,,,https://www.youtube.com/watch?v=i3VmC6kpiHg,i3VmC6kpiHg,4QDMaFh7BpJFE6uL4dBIgN,26.5,-1038.0,C,-10.38,1.0,38.1,3.66,80.8,0.0,11.1,131,audio_features,spotify:track:4QDMaFh7BpJFE6uL4dBIgN,https://api.spotify.com/v1/tracks/4QDMaFh7BpJFE6uL4dBIgN,https://api.spotify.com/v1/audio-analysis/4QDMaFh7BpJFE6uL4dBIgN,03:54,4.0,https://i.scdn.co/image/ab67616d0000b2731220b38b80c0a28092828c4f,2016-11-30,2016.0,False,37.0,https://p.scdn.co/mp3-preview/e2d17f2c5c5e840cac41c7d5c9cfffc8b1fb623a?cid=484c8fc1e0c54669ac770f80991a8280,53,48607
Danny Elfman - [The Nightmare Before Christmas - Sally's Song for Guitar Quartet] [Film],,Danny Elfman,Sally's Song for Guitar Quartet,The Nightmare Before Christmas,Sally's Song,Vitamin String Quartet,"the nightmare before christmas - sally's song for guitar quartet, film",'bow pop',The Nightmare Before Christmas - Sally's Song for Guitar Quartet,2022-10-30,36.0,5.0,,youtube,,,,https://www.youtube.com/watch?v=K45lMZ6m1_Q,K45lMZ6m1_Q,7x63Gzb6x0eR119ObbQ9Tm,23.1,-1302.5,C,-13.025,1.0,31.6,3.8,33.8,1.81,11.3,111,audio_features,spotify:track:7x63Gzb6x0eR119ObbQ9Tm,https://api.spotify.com/v1/tracks/7x63Gzb6x0eR119ObbQ9Tm,https://api.spotify.com/v1/audio-analysis/7x63Gzb6x0eR119ObbQ9Tm,01:50,4.0,https://i.scdn.co/image/ab67616d0000b2734530f7ac2af31496b84bc875,2012-10-09,2012.0,False,34.0,https://p.scdn.co/mp3-preview/da3b4b1664725be7b8d88f07901400bc0834dcdb?cid=484c8fc1e0c54669ac770f80991a8280,62,639077
Sleepdebt - Protector [Electronic / Trip-hop],Protector,Sleepdebt,,,Protector,Sleepdebt,"electronic, trip-hop",,Protector,2022-10-29,44.2,5.0,,spotify,,,,,,5Gw3omBGB41lrWTEXQsakH,51.7,-1168.4,Ab,-11.684,1.0,61.1,3.58,3.49,56.1,21.1,105,audio_features,spotify:track:5Gw3omBGB41lrWTEXQsakH,https://api.spotify.com/v1/tracks/5Gw3omBGB41lrWTEXQsakH,https://api.spotify.com/v1/audio-analysis/5Gw3omBGB41lrWTEXQsakH,03:41,4.0,https://i.scdn.co/image/ab67616d0000b273a80cba9a104f5a578a7e3271,2022-10-28,2022.0,False,1.0,https://p.scdn.co/mp3-preview/493ce51cfedbfdc5db40df7c0aee43526ff9565b?cid=484c8fc1e0c54669ac770f80991a8280,4,564
The Renters - Clean [Alternative Rock] (2022),Clean,The Renters,,,Clean,The Renters,alternative rock,'socal indie',Clean,2022-10-31,12.6,4.0,,youtube,,,,https://www.youtube.com/watch?v=MR1uUl8uGsU,MR1uUl8uGsU,2F8wu6HFvnv44sFHQIUE13,82.0,-697.6,Db/C#,-6.976,1.0,34.3,13.8,57.0,0.0,12.8,146,audio_features,spotify:track:2F8wu6HFvnv44sFHQIUE13,https://api.spotify.com/v1/tracks/2F8wu6HFvnv44sFHQIUE13,https://api.spotify.com/v1/audio-analysis/2F8wu6HFvnv44sFHQIUE13,03:56,4.0,https://i.scdn.co/image/ab67616d0000b2737031077281fe7fa772e9ff8f,2022-08-12,2022.0,False,7.0,https://p.scdn.co/mp3-preview/dcce8ed48a9dc13c43e9e7de26935e9549a52960?cid=484c8fc1e0c54669ac770f80991a8280,13,877
Dead Kennedys - Moon Over Marin [Punk] (1982),Moon Over Marin,Dead Kennedys,,,Moon Over Marin,Dead Kennedys,punk,"'early us punk', 'hardcore punk', 'punk', 'skate punk'",Moon Over Marin,2022-10-30,33.0,4.0,,spotify,,,,,,6XDIdtt7sugfe7UHYIDWXW,88.3,-708.2,Db/C#,-7.082,1.0,19.5,6.31,0.01,0.0,36.0,158,audio_features,spotify:track:6XDIdtt7sugfe7UHYIDWXW,https://api.spotify.com/v1/tracks/6XDIdtt7sugfe7UHYIDWXW,https://api.spotify.com/v1/audio-analysis/6XDIdtt7sugfe7UHYIDWXW,04:27,4.0,https://i.scdn.co/image/ab67616d0000b273af5c4ff7aec50efc0b1d85db,2001-01-01,2001.0,False,45.0,https://p.scdn.co/mp3-preview/24493fe3e5d84063abc8b9ef43a6a15cb48bf7fb?cid=484c8fc1e0c54669ac770f80991a8280,55,693266
Denni Ian -- So This Is How We Dance [rock] (2022),So This Is How We Dance,Denni Ian,So This Is How We Dance,Denni Ian,So This Is How We Dance,Denni Ian,rock,,Denni Ian - So This Is How We Dance  (Official Video),2022-10-29,7.15,4.0,,youtube,,,,https://www.youtube.com/watch?v=91HONOa51Hk,91HONOa51Hk,1lZMdZTtmW7z7TAb7mQxBX,22.7,-1449.2,C,-14.492,1.0,40.4,3.05,80.5,6.06,10.4,135,audio_features,spotify:track:1lZMdZTtmW7z7TAb7mQxBX,https://api.spotify.com/v1/tracks/1lZMdZTtmW7z7TAb7mQxBX,https://api.spotify.com/v1/audio-analysis/1lZMdZTtmW7z7TAb7mQxBX,04:57,3.0,https://i.scdn.co/image/ab67616d0000b273ad3020d35adb2a76a111c63d,2022-10-28,2022.0,False,10.0,https://p.scdn.co/mp3-preview/33dc4c80d6f3abfc99259807da9aad57b1de985a?cid=484c8fc1e0c54669ac770f80991a8280,3,78
Government Issue - Rock 'n Roll Bullshit [punk],Rock n Roll Bullshit,Government Issue,ROCK N  ROLL BULL SHIT,Government Issue,Rock'n Roll Bullshit,Government Issue,punk,"'dc hardcore', 'hardcore punk', 'post-hardcore', 'punk', 'straight edge', 'thrash core'",Government Issue -ROCK N  ROLL BULL SHIT,2022-10-31,14.8,4.0,,youtube,,,,https://www.youtube.com/watch?v=ueOjDqlMW-U,ueOjDqlMW-U,1htbbeGncNJy4IF4t50duA,85.0,-1542.4,Db/C#,-15.424,1.0,33.9,12.8,0.77,0.08,36.2,200,audio_features,spotify:track:1htbbeGncNJy4IF4t50duA,https://api.spotify.com/v1/tracks/1htbbeGncNJy4IF4t50duA,https://api.spotify.com/v1/audio-analysis/1htbbeGncNJy4IF4t50duA,01:13,4.0,https://i.scdn.co/image/ab67616d0000b273297d0d2ba5cdb2424fa3c489,1981-09-01,1981.0,False,38.0,https://p.scdn.co/mp3-preview/fe6e7f46e23c865c41257f44108378298677690f?cid=484c8fc1e0c54669ac770f80991a8280,30,19116
Pool Noodles - Dance in Oblivion [Jazz / Synth] (2022),Dance in Oblivion,Pool Noodles,,,Dance In Oblivion,The Pool Noodles,"jazz, synth",,Dance In Oblivion,2022-10-29,9.93,4.0,,spotify,,,,,,2xGhoFDMJMXJJe0epdPlwo,50.0,-909.4,Ab,-9.094,1.0,68.4,5.06,43.5,0.79,10.7,108,audio_features,spotify:track:2xGhoFDMJMXJJe0epdPlwo,https://api.spotify.com/v1/tracks/2xGhoFDMJMXJJe0epdPlwo,https://api.spotify.com/v1/audio-analysis/2xGhoFDMJMXJJe0epdPlwo,06:39,4.0,https://i.scdn.co/image/ab67616d0000b2739c9c9b59ba556254e36ec752,2021-07-09,2021.0,False,6.0,https://p.scdn.co/mp3-preview/176d4096c707c897c329859e5e69cf270c147167?cid=484c8fc1e0c54669ac770f80991a8280,11,372
Stone Axe - Lady Switchblade [Rock] (2022),Lady Switchblade,Stone Axe,,,Lady Switchblade,Stone Axe,rock,'retro metal',Lady Switchblade,2022-10-28,36.3,4.0,,youtube,,,,https://www.youtube.com/watch?v=JuoEGpWIZRM,JuoEGpWIZRM,7fvKgk2Zl9obh1OYS7UFgj,71.7,-841.6,Bb,-8.416,0.0,57.3,3.94,15.8,0.0,25.2,120,audio_features,spotify:track:7fvKgk2Zl9obh1OYS7UFgj,https://api.spotify.com/v1/tracks/7fvKgk2Zl9obh1OYS7UFgj,https://api.spotify.com/v1/audio-analysis/7fvKgk2Zl9obh1OYS7UFgj,04:29,4.0,https://i.scdn.co/image/ab67616d0000b273dddda1e2a9b9fba275f61141,2022-03-18,2022.0,False,5.0,https://p.scdn.co/mp3-preview/8df7c5832fe24f8b45dad6797603580e1cf11cd6?cid=484c8fc1e0c54669ac770f80991a8280,9,2358
greek — safety [R&B/Soul] (2022),safety,greek,safety,greek,safety,greek,"r&b, soul",,greek - safety [Official Video],2022-10-27,44.0,4.0,,youtube,,,,https://www.youtube.com/watch?v=CPCHB6Rm6ew,CPCHB6Rm6ew,5EQxUpN2n5MUXtqIGbUOzk,30.9,-1292.7,Gb/F#,-12.927,1.0,43.7,3.2,38.0,0.0,15.0,100,audio_features,spotify:track:5EQxUpN2n5MUXtqIGbUOzk,https://api.spotify.com/v1/tracks/5EQxUpN2n5MUXtqIGbUOzk,https://api.spotify.com/v1/audio-analysis/5EQxUpN2n5MUXtqIGbUOzk,03:03,3.0,https://i.scdn.co/image/ab67616d0000b2732a9d38ea55b4afae7b60e34c,2022-07-29,2022.0,False,57.0,https://p.scdn.co/mp3-preview/01e7b010d3fed1b4156096d918f8a33d43866d7c?cid=484c8fc1e0c54669ac770f80991a8280,45,9726
House Plant - Spoooky Town [Spookadelic Funk] (2022),Spoooky Town,House Plant,Spoooky Town,House Plant,Spoooky Town,House Plant,spookadelic funk,,House Plant - Spoooky Town [Official Video],2022-10-27,85.4,4.0,,youtube,,,,https://www.youtube.com/watch?v=MVCS3BwFMAM,MVCS3BwFMAM,02ZoCVRTWFPY40rnIb6fO3,91.1,-533.5,C,-5.335,1.0,65.7,5.77,2.29,0.01,67.9,111,audio_features,spotify:track:02ZoCVRTWFPY40rnIb6fO3,https://api.spotify.com/v1/tracks/02ZoCVRTWFPY40rnIb6fO3,https://api.spotify.com/v1/audio-analysis/02ZoCVRTWFPY40rnIb6fO3,03:17,4.0,https://i.scdn.co/image/ab67616d0000b273c6f4356a0d5a3aee9cfe2426,2022-10-20,2022.0,False,6.0,https://p.scdn.co/mp3-preview/a70232b733f0e445007b24617bf89567c2eb2ecd?cid=484c8fc1e0c54669ac770f80991a8280,16,45
Matti Charlton -- The Rest [synthpop / unclassifiable] (2022),The Rest,Matti Charlton,,,The Rest,Matti Charlton,"synthpop, unclassifiable",,The Rest,2022-10-29,86.5,4.0,,spotify,,,,,,6kZEM6TQdlmCeLQdYm4G9g,80.4,-644.1,Bb,-6.441,0.0,70.4,7.96,11.5,90.9,9.57,100,audio_features,spotify:track:6kZEM6TQdlmCeLQdYm4G9g,https://api.spotify.com/v1/tracks/6kZEM6TQdlmCeLQdYm4G9g,https://api.spotify.com/v1/audio-analysis/6kZEM6TQdlmCeLQdYm4G9g,02:26,4.0,https://i.scdn.co/image/ab67616d0000b27335d474cb48285dbea68c056e,2022-10-28,2022.0,False,0.0,https://p.scdn.co/mp3-preview/3c888fdf9b00120d68e936589c3afd5ae5a8553b?cid=484c8fc1e0c54669ac770f80991a8280,14,925
VLURE - Shattered Faith [post-punk] (2021),Shattered Faith,VLURE,SHATTERED FAITH,VLURE,Shattered Faith,VLURE,post-punk,'uk post-punk revival',VLURE - SHATTERED FAITH,2022-10-28,20.1,4.0,,youtube,,,,https://www.youtube.com/watch?v=9yI5FO_V-tE,9yI5FO_V-tE,40zzZsiIakyEwxpKEW7crD,94.3,-545.4,C,-5.454,0.0,45.3,8.51,0.04,33.6,5.98,120,audio_features,spotify:track:40zzZsiIakyEwxpKEW7crD,https://api.spotify.com/v1/tracks/40zzZsiIakyEwxpKEW7crD,https://api.spotify.com/v1/audio-analysis/40zzZsiIakyEwxpKEW7crD,03:14,4.0,https://i.scdn.co/image/ab67616d0000b273cd4cab5abceacdc38f2a6b8f,2021-03-10,2021.0,False,21.0,https://p.scdn.co/mp3-preview/32c891118599602b25a53ed46f569de2508a4742?cid=484c8fc1e0c54669ac770f80991a8280,18,3495
Talk Talk - After The Flood [Post Rock],After The Flood,Talk Talk,,,After The Flood,Talk Talk,post rock,"'art rock', 'melancholia', 'new romantic', 'new wave', 'new wave pop', 'sophisti-pop', 'synthpop'",After The Flood,2022-10-30,11.3,3.0,,youtube,,,,https://www.youtube.com/watch?v=5KDS4u8-D4Q,5KDS4u8-D4Q,49yXUztT0qYz0xA4vnm0zP,44.8,-1495.3,Bb,-14.953,1.0,40.4,2.9,46.6,61.1,9.41,89,audio_features,spotify:track:49yXUztT0qYz0xA4vnm0zP,https://api.spotify.com/v1/tracks/49yXUztT0qYz0xA4vnm0zP,https://api.spotify.com/v1/audio-analysis/49yXUztT0qYz0xA4vnm0zP,09:38,4.0,https://i.scdn.co/image/ab67616d0000b273a21ec108877d27b0550014d3,1991-01-01,1991.0,False,28.0,,57,446761
Pensées Nocturnes -- Viens tâter d'mon Carrousel [Avant-garde Black Metal] (2022),Viens tâter dmon Carrousel,Pensées Nocturnes,,,Viens tâter d'mon Carrousel,Pensées Nocturnes,avant-garde black metal,"'autonomous black metal', 'avant-garde black metal', 'depressive black metal', 'dissonant death metal', 'french black metal'",Viens tâter d'mon Carrousel,2022-10-29,34.2,3.0,,youtube,,,,https://www.youtube.com/watch?v=9tbwj6sNZLc,9tbwj6sNZLc,0UdR73pU4eUxTkaUQH672n,75.1,-1228.6,B/Cb,-12.286,0.0,21.6,8.14,0.54,16.8,13.7,166,audio_features,spotify:track:0UdR73pU4eUxTkaUQH672n,https://api.spotify.com/v1/tracks/0UdR73pU4eUxTkaUQH672n,https://api.spotify.com/v1/audio-analysis/0UdR73pU4eUxTkaUQH672n,03:56,3.0,https://i.scdn.co/image/ab67616d0000b273c21ab5ce7b83337dc4d38462,2022-01-21,2022.0,False,11.0,https://p.scdn.co/mp3-preview/ce2bbf1cc51355b41c51747759c4fb68a7c007f5?cid=484c8fc1e0c54669ac770f80991a8280,14,9221
Birthmarks -- Breath [Indie Rock] (2020),Breath,Birthmarks,,,Breathe,Birthmarks,indie rock,,Breathe,2022-10-31,74.6,3.0,,youtube,,,,https://www.youtube.com/watch?v=kOYFPL5TNOE,kOYFPL5TNOE,0wwauBbdxfYRZsujSlEasA,72.6,-529.3,Bb,-5.293,0.0,64.0,2.35,0.43,0.02,9.06,96,audio_features,spotify:track:0wwauBbdxfYRZsujSlEasA,https://api.spotify.com/v1/tracks/0wwauBbdxfYRZsujSlEasA,https://api.spotify.com/v1/audio-analysis/0wwauBbdxfYRZsujSlEasA,04:00,4.0,https://i.scdn.co/image/ab67616d0000b273769bba4873f234a2df11ed1f,2020-03-27,2020.0,False,0.0,https://p.scdn.co/mp3-preview/755b49c57e7975e9c505e19ba96be8d5361c6b94?cid=484c8fc1e0c54669ac770f80991a8280,1,430
The Tomb Tones - Monster Movie [rock] My band's mission is to make new music that feels modern but with the campiness of old novelty Halloween rock. Happy Halloween!,Monster Movie,The Tomb Tones,Monster Movie,The Tomb Tones,Monster Movie,The Tomb Tones,rock,,"The Tomb Tones ""Monster Movie"" (Official Music Video)",2022-10-31,41.4,3.0,,youtube,,,,https://www.youtube.com/watch?v=f4S8ldcbLmE,f4S8ldcbLmE,4XZl27EIaJxWVcMK3vmK4w,95.0,-459.6,C,-4.596,1.0,41.0,5.31,0.7,0.0,37.3,90,audio_features,spotify:track:4XZl27EIaJxWVcMK3vmK4w,https://api.spotify.com/v1/tracks/4XZl27EIaJxWVcMK3vmK4w,https://api.spotify.com/v1/audio-analysis/4XZl27EIaJxWVcMK3vmK4w,02:55,4.0,https://i.scdn.co/image/ab67616d0000b2733ba605eb30cc4f93d5c825dc,2020-10-16,2020.0,False,5.0,https://p.scdn.co/mp3-preview/44bc57ee76d75d4aedd1819ce57d9b7e9a01d624?cid=484c8fc1e0c54669ac770f80991a8280,4,309
Pere Ubu - Final Solution [New Wave],Final Solution,Pere Ubu,Final Solution,Pere Ubu,Final Solution,Pere Ubu,new wave,"'alternative rock', 'art punk', 'art rock', 'experimental', 'experimental rock', 'gbvfi', 'industrial', 'industrial rock', 'post-hardcore', 'post-punk', 'protopunk', 'psychedelic rock', 'punk blues', 'zolo'",Pere Ubu - Final Solution,2022-10-29,57.0,3.0,,youtube,,,,https://www.youtube.com/watch?v=mSD_R5FkjVM,mSD_R5FkjVM,3Wi1ZEd9SJTN90Fr4NyFhQ,77.7,-620.1,E,-6.201,1.0,40.5,4.91,9.77,4.31,12.2,120,audio_features,spotify:track:3Wi1ZEd9SJTN90Fr4NyFhQ,https://api.spotify.com/v1/tracks/3Wi1ZEd9SJTN90Fr4NyFhQ,https://api.spotify.com/v1/audio-analysis/3Wi1ZEd9SJTN90Fr4NyFhQ,04:57,4.0,https://i.scdn.co/image/ab67616d0000b2732f370ed8b66baff551efff38,2015-04-18,2015.0,False,27.0,https://p.scdn.co/mp3-preview/d3a7fbf35b8e4977eb0e85457d4e74413a59360b?cid=484c8fc1e0c54669ac770f80991a8280,28,57395
Nepočin -- Svijet po kojem gazim [Hard Progressive Rock] (1977),Svijet po kojem gazim,Nepočin,NEPOČIN,SVIJET PO KOJEM GAZIM,Napijem se pa sve zaboravim,Kemal Malovčić,hard progressive rock,"'bosnian pop', 'narodna muzika', 'sevdah', 'turbo folk'",SVIJET PO KOJEM GAZIM - NEPOČIN (1977),2022-10-30,70.0,3.0,,youtube,,,,https://www.youtube.com/watch?v=DcM9vCT3Kh8,DcM9vCT3Kh8,2tM2B1YbDf9tnpnf2ikNWJ,62.5,-602.1,A,-6.021,1.0,61.1,4.29,64.3,0.0,11.3,122,audio_features,spotify:track:2tM2B1YbDf9tnpnf2ikNWJ,https://api.spotify.com/v1/tracks/2tM2B1YbDf9tnpnf2ikNWJ,https://api.spotify.com/v1/audio-analysis/2tM2B1YbDf9tnpnf2ikNWJ,02:57,3.0,https://i.scdn.co/image/ab67616d0000b273f351e25e1b71887cc2d6ad7e,2015-08-21,2015.0,False,18.0,https://p.scdn.co/mp3-preview/7c084e847355245db1e732429dd3111eb112017b?cid=484c8fc1e0c54669ac770f80991a8280,36,36862
Daoiri Farrell and Mike Harding -- The lakes of Ponchartrain [Irish folk] (2019),The lakes of Ponchartrain,Daoiri Farrell and Mike Harding,The Lakes of Pontchartrain,Daoiri Farrell and Mike Harding,Valley Of Knockanure,Daoirí Farrell,irish folk,'irish folk',Daoiri Farrell and Mike Harding - The Lakes of Pontchartrain,2022-10-27,44.0,3.0,,youtube,,,,https://www.youtube.com/watch?v=j_ddnCEwiUc,j_ddnCEwiUc,3krdH9jehlR1Vs678M94rK,40.0,-789.8,G,-7.898,1.0,53.5,2.72,93.2,0.0,9.19,132,audio_features,spotify:track:3krdH9jehlR1Vs678M94rK,https://api.spotify.com/v1/tracks/3krdH9jehlR1Vs678M94rK,https://api.spotify.com/v1/audio-analysis/3krdH9jehlR1Vs678M94rK,04:36,3.0,https://i.scdn.co/image/ab67616d0000b273a1a267058a49949cdecc66ef,2016-10-21,2016.0,False,34.0,https://p.scdn.co/mp3-preview/0df5dec95031d4b0c1012862f1f816ab964083dd?cid=484c8fc1e0c54669ac770f80991a8280,27,10631
Native Harrow -- Old Kind of Magic [Folk Rock/Indie Rock] (2022),Old Kind of Magic,Native Harrow,Old Kind of Magic,Native Harrow,Old Kind of Magic,Native Harrow,"folk rock, indie rock",,Native Harrow - Old Kind of Magic (Official Music Video),2022-10-31,17.6,3.0,,youtube,,,,https://www.youtube.com/watch?v=__cDRX2t7Ow,__cDRX2t7Ow,1DE9G1SXBeCxBpyfjD0GZm,53.1,-728.1,B/Cb,-7.281,1.0,38.5,4.17,17.7,0.0,16.3,174,audio_features,spotify:track:1DE9G1SXBeCxBpyfjD0GZm,https://api.spotify.com/v1/tracks/1DE9G1SXBeCxBpyfjD0GZm,https://api.spotify.com/v1/audio-analysis/1DE9G1SXBeCxBpyfjD0GZm,05:02,4.0,https://i.scdn.co/image/ab67616d0000b273cc43e5ac07074e11933775c7,2022-10-28,2022.0,False,8.0,https://p.scdn.co/mp3-preview/d5efcfe75624718ce5fa3b7dfce85a42cd6e7e10?cid=484c8fc1e0c54669ac770f80991a8280,11,1318
Smoking Data Guns - Sunshine [alt rock](2022),Sunshine,Smoking Data Guns,Sunshine,Smoking Data Guns,Sunshine,Smoking Data Guns,alt rock,,Smoking Data Guns - Sunshine,2022-10-30,66.0,3.0,,youtube,,,,https://www.youtube.com/watch?v=cPGk49onIoA,cPGk49onIoA,6ft5Rs2qEZI4GMPgZJgkAX,80.3,-724.3,D,-7.243,1.0,65.7,2.72,0.23,0.0,5.85,105,audio_features,spotify:track:6ft5Rs2qEZI4GMPgZJgkAX,https://api.spotify.com/v1/tracks/6ft5Rs2qEZI4GMPgZJgkAX,https://api.spotify.com/v1/audio-analysis/6ft5Rs2qEZI4GMPgZJgkAX,02:57,4.0,https://i.scdn.co/image/ab67616d0000b273a32f9603a4fd5a34f100171c,2022-05-09,2022.0,False,1.0,https://p.scdn.co/mp3-preview/0d5f52aa21fec820f0217c4323cea84bdc746de5?cid=484c8fc1e0c54669ac770f80991a8280,0,55
Sylvie -- Sylvie [Folk Rock/Indie Pop] (2022),Sylvie,Sylvie,Sylvie,Sylvie,Sylvie,Sylvie,"folk rock, indie pop",'indie folk',Sylvie - Sylvie,2022-10-29,54.4,3.0,,youtube,,,,https://www.youtube.com/watch?v=B3saI5iN5SE,B3saI5iN5SE,6EvEdfNLFgYUC1kgJkS7ob,40.9,-742.2,G,-7.422,1.0,63.1,2.46,31.4,22.8,9.02,77,audio_features,spotify:track:6EvEdfNLFgYUC1kgJkS7ob,https://api.spotify.com/v1/tracks/6EvEdfNLFgYUC1kgJkS7ob,https://api.spotify.com/v1/audio-analysis/6EvEdfNLFgYUC1kgJkS7ob,05:12,4.0,https://i.scdn.co/image/ab67616d0000b273490cf190f3faa7afef91837d,2021-07-22,2021.0,False,27.0,https://p.scdn.co/mp3-preview/0bd0efedc7d5cfafefbe86fdbc1f4658ec3ae3f3?cid=484c8fc1e0c54669ac770f80991a8280,31,3884
Sky of Rage - Sky of Rage [Heavy Metal] (2012),Sky of Rage,Sky of Rage,Sky of Rage,Sky of Rage,Falling Sky,Red,heavy metal,"'alternative rock', 'funk metal', 'funk rock', 'permanent wave'",Sky of Rage - Sky of Rage (Full Album),2022-10-30,6.59,3.0,,youtube,,,,https://www.youtube.com/watch?v=UK7mJosnh6k,UK7mJosnh6k,392CRjGsYrVkOdZ2I8vOML,89.5,-500.5,F,-5.005,0.0,35.4,19.4,0.02,11.6,47.2,127,audio_features,spotify:track:392CRjGsYrVkOdZ2I8vOML,https://api.spotify.com/v1/tracks/392CRjGsYrVkOdZ2I8vOML,https://api.spotify.com/v1/audio-analysis/392CRjGsYrVkOdZ2I8vOML,05:26,4.0,https://i.scdn.co/image/ab67616d0000b2738d6ede155b9d9f12513ecf44,2015-02-20,2015.0,False,34.0,https://p.scdn.co/mp3-preview/e22cb4571a27a3c8f6a20876f3d3185e422d12e7?cid=484c8fc1e0c54669ac770f80991a8280,82,18571904
Year of the Cobra - Persophone [Stoner Metal] (2015),Persophone,Year of the Cobra,Persephone,Year of the Cobra,Persephone,Year of the Cobra,stoner metal,"'psychedelic doom', 'seattle metal'",Year of the Cobra - Persephone,2022-10-28,38.3,3.0,,youtube,,,,https://www.youtube.com/watch?v=LgacWVlr_i4,LgacWVlr_i4,4uQMXPF1IIyQhtIPfm5ARB,83.8,-887.8,G,-8.878,1.0,26.1,3.73,1.86,64.3,60.3,96,audio_features,spotify:track:4uQMXPF1IIyQhtIPfm5ARB,https://api.spotify.com/v1/tracks/4uQMXPF1IIyQhtIPfm5ARB,https://api.spotify.com/v1/audio-analysis/4uQMXPF1IIyQhtIPfm5ARB,05:00,4.0,https://i.scdn.co/image/ab67616d0000b27345cbd0efb6a9a82b4f34130a,2016-10-28,2016.0,False,8.0,https://p.scdn.co/mp3-preview/2083702086728e42da3d7268b1ea1abe6bb592d9?cid=484c8fc1e0c54669ac770f80991a8280,18,8608
Blankslate -- Don't Fall in Love with Everyone [Alternative Rock] (2022),Dont Fall in Love with Everyone,Blankslate,Dont Fall in Love with Everyone,Blankslate,Don’t Fall in Love with Everyone,Blankslate,alternative rock,,Blankslate | Don't Fall in Love with Everyone (Official Music Video),2022-10-28,49.1,3.0,,youtube,,,,https://www.youtube.com/watch?v=dyEfMnLo-zY,dyEfMnLo-zY,495STxJmCSY4y6NO8LREQj,85.0,-580.8,Ab,-5.808,1.0,47.2,8.76,0.52,0.0,31.1,149,audio_features,spotify:track:495STxJmCSY4y6NO8LREQj,https://api.spotify.com/v1/tracks/495STxJmCSY4y6NO8LREQj,https://api.spotify.com/v1/audio-analysis/495STxJmCSY4y6NO8LREQj,04:18,4.0,https://i.scdn.co/image/ab67616d0000b2736b576b71a381017b7578a0f4,2022-10-28,2022.0,False,3.0,https://p.scdn.co/mp3-preview/65efdf31815b15cd2155847ec6d9396a1583af17?cid=484c8fc1e0c54669ac770f80991a8280,7,346
Shankar - Under the Human State [Melodic Stoner-Doom Metal] (2019),Under the Human State,Shankar,Shankar,Under the Human State,Shankar: Dhun,Ravi Shankar,melodic stoner-doom metal,"'hindustani classical', 'indian classical', 'sitar', 'world fusion'",Under the Human State - Shankar (Full EP),2022-10-29,52.1,3.0,,youtube,,,,https://www.youtube.com/watch?v=VGEVP9fbWPo,VGEVP9fbWPo,2iQgRH0HssgEMrX8k0dnsN,24.0,-1860.7,A,-18.607,1.0,42.9,3.77,78.7,39.4,34.9,143,audio_features,spotify:track:2iQgRH0HssgEMrX8k0dnsN,https://api.spotify.com/v1/tracks/2iQgRH0HssgEMrX8k0dnsN,https://api.spotify.com/v1/audio-analysis/2iQgRH0HssgEMrX8k0dnsN,06:28,4.0,https://i.scdn.co/image/ab67616d0000b273de7d8c3ef5b58d6c2609e2c0,1999-01-01,1999.0,False,23.0,https://p.scdn.co/mp3-preview/0a1081fdcc2ed4c53f76227c435f975007c2c735?cid=484c8fc1e0c54669ac770f80991a8280,43,582225
Electric Citizen - Hide it in the Night [Rock] (2018),Hide it in the Night,Electric Citizen,Hide it in the Night | | Ridingeasy Records,Electric Citizen,Hide It in the Night,electric citizen,rock,"'gaian doom', 'psychedelic doom'",Electric Citizen - Hide it in the Night | Official Music Video | Ridingeasy Records,2022-10-28,47.1,2.0,,youtube,,,,https://www.youtube.com/watch?v=beig2g1B3ls,beig2g1B3ls,7rW4hyrTMQ6CvMKdBWOzqB,69.9,-721.6,E,-7.216,0.0,22.1,4.42,0.14,0.0,70.6,165,audio_features,spotify:track:7rW4hyrTMQ6CvMKdBWOzqB,https://api.spotify.com/v1/tracks/7rW4hyrTMQ6CvMKdBWOzqB,https://api.spotify.com/v1/audio-analysis/7rW4hyrTMQ6CvMKdBWOzqB,02:58,4.0,https://i.scdn.co/image/ab67616d0000b2735c63d0f16c39867ffd3118de,2018-09-28,2018.0,False,20.0,https://p.scdn.co/mp3-preview/c16798f12f66a54995e7302c98449150430cfe6f?cid=484c8fc1e0c54669ac770f80991a8280,27,18782
Pungent Stench - Shrunken and Mummified Bitch [Death Metal] (1991),Shrunken and Mummified Bitch,Pungent Stench,,,Shrunken & Mummified Bitch,Pungent Stench,death metal,"'austrian metal', 'death metal', 'goregrind', 'grindcore'",Shrunken & Mummified Bitch,2022-10-30,62.5,2.0,,youtube,,,,https://www.youtube.com/watch?v=69O5J09LgYo,69O5J09LgYo,38zUmGGlg8TE06VCjw4vGx,91.8,-898.7,D,-8.987,1.0,27.6,18.3,0.0,85.5,11.7,175,audio_features,spotify:track:38zUmGGlg8TE06VCjw4vGx,https://api.spotify.com/v1/tracks/38zUmGGlg8TE06VCjw4vGx,https://api.spotify.com/v1/audio-analysis/38zUmGGlg8TE06VCjw4vGx,03:48,4.0,https://i.scdn.co/image/ab67616d0000b273f355f67b3ee71242af2387f0,1991-10-10,1991.0,True,27.0,https://p.scdn.co/mp3-preview/825c90e1b401ea73be965af6d477b38da7ae3286?cid=484c8fc1e0c54669ac770f80991a8280,26,32705
Candy Dulfer - Convergence [Jazz] (2022),Convergence,Candy Dulfer,Convergency,Candy Dulfer,Convergency,Candy Dulfer,jazz,'smooth jazz',Candy Dulfer - Convergency (Official Audio),2022-10-29,25.9,2.0,,youtube,,,,https://www.youtube.com/watch?v=4c-qNyXV1XY,4c-qNyXV1XY,5tkJLRlnVyoKFlT89TiSOP,79.2,-615.8,F,-6.158,1.0,52.0,5.2,6.56,38.1,9.6,196,audio_features,spotify:track:5tkJLRlnVyoKFlT89TiSOP,https://api.spotify.com/v1/tracks/5tkJLRlnVyoKFlT89TiSOP,https://api.spotify.com/v1/audio-analysis/5tkJLRlnVyoKFlT89TiSOP,04:54,4.0,https://i.scdn.co/image/ab67616d0000b273e449289e8dbd7aeb73c047c6,2022-10-25,2022.0,False,20.0,https://p.scdn.co/mp3-preview/90a658dbe9d53b8fdaa39e4edcb8febfa4728dbf?cid=484c8fc1e0c54669ac770f80991a8280,47,78289
